<?xml version="1.0" encoding="UTF-8"?>
<metadata xml:lang="en"><Esri><CreaDate>20120527</CreaDate><CreaTime>13230300</CreaTime><ArcGISFormat>1.0</ArcGISFormat><ArcGISstyle>XTools Pro Metadata</ArcGISstyle><SyncOnce>TRUE</SyncOnce><DataProperties><lineage><Process ToolSource="C:\Program Files\ArcGIS\Desktop10.0\ArcToolbox\Toolboxes\Data Management Tools.tbx\CalculateField" Date="20120527" Time="132303">CalculateField LemhiFrameFinal_20120527 PWatershed "Mainstem" VB #</Process><Process ToolSource="C:\Program Files\ArcGIS\Desktop10.0\ArcToolbox\Toolboxes\Data Management Tools.tbx\CalculateField" Date="20120527" Time="132449">CalculateField LemhiFrameFinal_20120527 PWatershed "Mainstem" VB #</Process><Process ToolSource="C:\Program Files\ArcGIS\Desktop10.0\ArcToolbox\Toolboxes\Data Management Tools.tbx\CalculateField" Date="20120618" Time="183842">CalculateField LemhiFrameFinal_20120527 Target "Target" VB #</Process><Process ToolSource="C:\Program Files\ArcGIS\Desktop10.0\ArcToolbox\Toolboxes\Data Management Tools.tbx\CalculateField" Date="20120618" Time="183926">CalculateField LemhiFrameFinal_20120527 Target "Target" VB #</Process><Process ToolSource="C:\Program Files\ArcGIS\Desktop10.0\ArcToolbox\Toolboxes\Data Management Tools.tbx\CalculateField" Date="20120618" Time="183946">CalculateField LemhiFrameFinal_20120527 Target "Target" VB #</Process><Process ToolSource="C:\Program Files\ArcGIS\Desktop10.0\ArcToolbox\Toolboxes\Data Management Tools.tbx\CalculateField" Date="20120618" Time="184012">CalculateField LemhiFrameFinal_20120527 TargetRati "Meets Criteria" VB #</Process><Process ToolSource="C:\Program Files\ArcGIS\Desktop10.0\ArcToolbox\Toolboxes\Data Management Tools.tbx\CalculateField" Date="20120618" Time="184307">CalculateField LemhiFrameFinal_20120527 Strata "[PWatershed] &amp;"-" &amp; [Ownership]" VB #</Process><Process ToolSource="C:\Program Files\ArcGIS\Desktop10.0\ArcToolbox\Toolboxes\Data Management Tools.tbx\CalculateField" Date="20120618" Time="185539">CalculateField LemhiFrameFinal_20120527 CHAMPshed "Lemhi" VB #</Process></lineage></DataProperties></Esri></metadata>
