Metric List,,Log,,,,Reference Only: Full List,Reference Only: Display name
BfWDRat_Avg,,No,,,,Alk,Alkalinity
BfWDRat_CV,,No,,,,Area_Bf,Bankfull Area
BfWdth_CV,,Yes,,,,DpthBf_Avg,Bankfull Depth Avg
DpthThlwg_Avg,,Yes,,,,BfSCWdth,Bankfull Side Channel Width
DpthThlwg_UF_CV,,Yes,,,,BfSCWDRat_Avg,Bankfull Side Channel Width to Depth Ratio Avg
FishCovLW,,Yes,,,,BfVol,Bankfull Volume
FishCovTotal,,Yes,,,,BfWdth_Avg,Bankfull Width Avg
LWFreq_Bf,,Yes,,,,BfWdth_CV,Bankfull Width CV
LWFreq_Wet,,Yes,,,,BfWDRat_Avg,Bankfull Width To Depth Ratio Avg
LWVol_Bf,,Yes,,,,BfWDRat_CV,Bankfull Width To Depth Ratio CV
PoolResidDpth,,No,,,,Cond,Conductivity
RipCovCanNone,,No,,,,Q,Discharge
RipCovGrnd,,No,,,,DriftBioMass,Drift Biomass
SCSm_Area,,Yes,,,,FstNT_Freq,Fast NonTurbulent Frequency
SlowWater_Freq,,Yes,,,,FstNT_Pct,Fast NonTurbulent Percent
SlowWater_Vol,,Yes,,,,FstNT_Vol,Fast NonTurbulent Volume
SubD50,,No,,,,FstTurb_Freq,Fast Turbulent Frequency
SubD84,,No,,,,FstTurb_Pct,Fast Turbulent Percent
SubEmbed_Avg,,Yes,,,,FstTurb_Vol,Fast Turbulent Volume
SubEstBldr,,No,,,,FishCovAqVeg,Fish Cover: Aquatic Vegetation
SubEstCbl,,No,,,,FishCovArt,Fish Cover: Artificial
SubEstGrvl,,No,,,,FishCovLW,Fish Cover: LW
SubEstSandFines,,No,,,,FishCovNone,Fish Cover: None
SubLT2,,No,,,,FishCovTVeg,Fish Cover: Terrestrial Vegetation
UcutLgth_Pct,,Yes,,,,FishCovTotal,Fish Cover: Total
WetSCL_Area,,Yes,,,,Grad,Gradient
FstNT_Pct,,No,,,,LWFreq_Bf,Large Wood Frequency: Bankfull
FstTurb_Pct,,No,,,,LWFreq_Wet,Large Wood Frequency: Wetted
LWVol_Wet,,Yes,,,,UcutArea_Pct,Percent Undercut by Area
LWVol_WetSlow,,Yes,,,,UcutLgth_Pct,Percent Undercut by Length
SlowWater_Pct,,No,,,,PoolResidDpth,Residual Pool Depth
,,,,,,RipCovBigTree,Riparian Cover: Big Tree
,,,,,,RipCovConif,Riparian Cover: Coniferous
,,,,,,RipCovGrnd,Riparian Cover: Ground
,,,,,,RipCovCanNone,Riparian Cover: No Canopy
,,,,,,RipCovNonWood,Riparian Cover: Non-Woody
,,,,,,RipCovUstory,Riparian Cover: Understory
,,,,,,RipCovWood,Riparian Cover: Woody
,,,,,,Sin,Sinuosity
,,,,,,SlowWater_Freq,Slow Water Frequency
,,,,,,SlowWater_Pct,Slow Water Percent
,,,,,,SlowWater_Vol,Slow Water Volume
,,,,,,SolarSummr_Avg,Solar Access: Summer Avg
,,,,,,SubLT2,Substrate < 2mm
,,,,,,SubLT6,Substrate < 6mm
,,,,,,SubEstBldr,Substrate Est: Boulders
,,,,,,SubEstGrvl,Substrate Est: Coarse and Fine Gravel
,,,,,,SubEstCbl,Substrate Est: Cobbles
,,,,,,SubEstSandFines,Substrate Est: Sand and Fines
,,,,,,SubD16,Substrate: D16
,,,,,,SubD50,Substrate: D50
,,,,,,SubD84,Substrate: D84
,,,,,,SubEmbed_Avg,Substrate: Embeddedness Avg
,,,,,,SubEmbed_SD,Substrate: Embeddedness SD
,,,,,,DpthThlwg_Avg,Thalweg Depth Avg
,,,,,,Lgth_Thlwg,Thalweg Site Length
,,,,,,Area_Wet,Wetted Area
,,,,,,DpthWet_SD,Wetted Depth SD
,,,,,,WetSC_Pct,Wetted Side Channel Percent By Area
,,,,,,WetSCWdth,Wetted Side Channel Width
,,,,,,WetVol,Wetted Volume
,,,,,,WetWdth_Avg,Wetted Width Avg
,,,,,,WetWdth_CV,Wetted Width CV
,,,,,,WetWDRat_Avg,Wetted Width To Depth Ratio Avg
,,,,,,WetWDRat_CV,Wetted Width To Depth Ratio CV
,,,,,,Max7dAM,7-day average of daily maximum temperature: Max 7dAM
