SiteName,Stream Name,Project,Pre/Post,Category,VisitID,SiteLength,ValleyClass,SampleDate,VisitYear,VisitObjective,VisitPhase,VisitStatus,Panel,Effectiveness,Alk,Watershed,Area_Bf,Area_Wet,BfBraid,BfVol,BfWDRat_Avg,BfWDRat_CV,BfWdth_Avg,BfWdth_CV,ChnlUnitTotal_Ct,Cond,DetrendElev_SD,DpthBf_Avg,DpthBf_Max,DpthThlwg_Avg,DpthThlwg_UF_CV,DpthWet_SD,DriftBioMass,FishCovAqVeg,FishCovArt,FishCovLW,FishCovNone,FishCovTVeg,FishCovTotal,FstNT_Area,FstNT_Freq,FstNT_Vol,FstTurb_Area,FstTurb_Freq,FstTurb_Vol,Grad,LWFreq_Bf,LWFreq_Wet,LWVol_Bf,LWVol_BfFstNT,Lgth_Wet,PoolResidDpth,Q,RipCovBigTree,RipCovCanNone,RipCovConif,RipCovGrnd,RipCovGrndNone,RipCovNonWood,RipCovUstory,RipCovUstoryNone,RipCovWood,SCSm_Area,SCSm_Freq,SC_Area_Pct,Sin,SlowWater_Area,SlowWater_Freq,SlowWater_Vol,SolarSummr_Avg,SubD16,SubD50,SubD84,SubEmbed_Avg,SubEmbed_SD,SubEstBldr,SubEstCbl,SubEstGrvl,SubEstSandFines,SubLT2,SubLT6,UcutArea_Pct,UcutLgth_Pct,Ucut_Area,WetBraid,WetSCL_Area,WetSC_Pct,WetVol,WetWDRat_Avg,WetWDRat_CV,WetWdth_Avg,WetWdth_CV,FstNT_Pct,FstTurb_Pct,LWVol_Wet,LWVol_WetSlow,SlowWater_Pct,Notes
YFI00001-000595,Yankee Fork,Bonanaza Treatment,Pre,Floodplain Enhancement-Treatment,1220,320,Depositional,09/08/2013,2013,Primary Visit,Data Approved,Released to Public,Annual,Yes,32,Yankee Fork,4100.617,2903.5593,1,2828.23,23.6077,0.2135,14.0051,0.1622,9,70,1.1657,0.66483,1.23718,0.3375,0.2601,0.1165,,11.4606,0,4.3353,79.9865,8.0785,23.8744,1391.6492,1.3527,351.5296,1314.0014,1.3527,241.6763,1.0585,7.7782,1.0145,3.6285,0.0976,295.6979,0.2471,0.586,1.5,93.5,1.5,41.5,58.5,15.5,30,70,62.5,0,0,0,1.0601,197.8945,0.3382,56.9834,76.11,0.0402,73,312,30.5625,21.9394,15.4633,23.1882,18.8945,42.454,47.0667,47.0667,0,0,0,1,0,0,650.1893,45.1239,0.3776,9.8646,0.1742,0,73.4757,0.8866,0.1603,26.5243,"RBT BFVol, DpthBf_Avg, DpthBf_Max;"
YFI00001-000595,Yankee Fork,Bonanaza Treatment,Pre,Floodplain Enhancement-Treatment,2204,320,Depositional,09/20/2014,2014,Primary Visit,Data Approved,Released to Public,Annual,-,39,Yankee Fork,4348.5858,3039.8124,1,3019.05156,22.1212,0.1833,14.9009,0.137,11,64.8,1.1316,0.69267,1.31262,0.3519,0.2371,0.1025,0.0003,0,0,1.9565,96.3868,2.4429,4.3994,1654.2659,1.7008,453.1834,1185.7832,1.7008,269.7037,1.0066,6.4632,2.3812,2.1765,0.5395,293.9714,0.1597,0.7305,0,97.5,1.5,9.5,90.5,4.5,11.5,88.5,19,0,0,0,1.0713,199.7677,0.3402,67.6783,81.517,12,102,321,13.2,23.4016,29.0113,21.7662,38.1312,8.3728,19.1111,20.1111,0,0,,1,0,0,790.5654,42.2121,0.3349,10.3599,0.1647,23.1648,60.9767,2.1763,1.2313,15.8585,"RBT BFVol, DpthBf_Avg, DpthBf_Max;"
YFI00001-000595,Yankee Fork,Bonanaza Treatment,Pre,Floodplain Enhancement-Treatment,4182,320,Depositional,08/23/2016,2016,Primary Visit,Data Approved,Released to Public,Annual,-,24,Yankee Fork,4203.9791,3160.97,1,2539.18109,23.0645,0.1916,14.2489,0.1326,10,80.8,1.0683,0.61025,1.33704,0.385,0.1972,0.1165,,6.7075,0,1.7628,89.4104,4.4851,12.9554,1345.6785,1.3529,392.3675,1624.4194,1.6911,400.6738,1.0399,5.0732,1.3529,2.3412,0.3591,295.6689,0.1866,0.6361,0,92.5,0.5,27.5,72.5,10.5,27.5,72.5,52,0,0,0,1.0626,190.8722,0.3382,64.8169,73.5583,10,81,386,7.0667,8.1312,24.6261,34.8772,28.1454,12.3514,5.9619,7.2952,0,0,,1,0,0,857.8583,40.2524,0.3237,10.676,0.1547,4.4926,1.7927,3.0557,3.0557,93.7146,"RBT BFVol, DpthBf_Avg, DpthBf_Max;"
YFI00001-000595,Yankee Fork,Bonanaza Treatment,Pre,Floodplain Enhancement-Treatment,4875,320,Depositional,09/09/2017,2017,Primary Visit,Data Approved,Not Released,Annual,Yes,40,Yankee Fork,4599.1289,3327.0639,1,,21.7961,0.2833,15.7004,0.1908,11,50,0.9202,,,0.4644,0.2163,0.1338,,8.2143,0,1.1811,91.1838,3.3495,12.7449,1514.9693,1.3582,516.5512,1533.4987,1.6978,431.8059,1.0976,8.8284,1.3582,2.7059,0.9971,294.505,0.4014,1.1586,0,98,2,13,87,7.5,12,88,19.5,0,0,0,1.0788,278.5959,0.6791,110.7739,75.6782,10,149,310,7.1829,16.2818,30.5462,18.232,33.3053,16.4816,3.7333,4.1333,0,0,,1,0,0,1059.1309,36.731,0.375,11.2171,0.1566,13.7619,4.6995,10.6197,6.1578,81.5385,"RBT BFVol, DpthBf_Avg, DpthBf_Max;"
YFI00001-000851,Yankee Fork,Bonanaza Treatment,Pre,Floodplain Enhancement-Treatment,1215,320,Depositional,09/08/2013,2013,Primary Visit,Data Approved,Released to Public,"Step Panel 2013,2014,2016,2017,2018,2021",Yes,28,Yankee Fork,3964.7357,2908.6521,1,1636.88031,32.7406,0.2358,13.5652,0.1665,8,69,1.085,0.41133,0.97498,0.3088,0.2889,0.1071,,6.8623,7,4.6125,81.163,5.3211,24.1581,532.7196,0.6794,97.4622,2062.6514,1.3588,378.3176,0.8745,6.4542,1.0191,0.783,0.151,294.3822,0.2646,0.4825,0,78,0.5,41,59,12.5,37,63,87.5,0,0,0,1.0763,312.9645,0.6794,85.6238,,0.0372,49,266,13.12,7.71,9.6957,18.6241,17.6047,49.4551,86.6667,86.8333,0,0,0,1,0,0,561.4037,51.0587,0.3223,9.8291,0.1784,9.1592,1.8626,8.9087,6.5292,88.9783,"RBT BFVol, DpthBf_Avg, DpthBf_Max;"
YFI00001-000851,Yankee Fork,Bonanaza Treatment,Pre,Floodplain Enhancement-Treatment,2191,320,Depositional,09/19/2014,2014,Primary Visit,Data Approved,Released to Public,"Step Panel 2013,2014,2016,2017,2018,2021",-,44,Yankee Fork,4756.3848,3248.6038,1,2691.97,26.4119,0.2225,16.1908,0.1222,11,50.5,1.0062,0.57466,1.59167,0.4078,0.3602,0.1528,0.0001,0.1449,0,2.359,95.4761,3.2853,5.7891,1617.5519,1.3647,461.1216,1276.9726,1.7059,313.848,0.839,2.7295,0.3412,0.3323,0.1192,293.0958,0.4171,0.7805,2.5,93,0.5,12.5,87.5,7.5,16,84,28,0,0,0,1.0973,353.6357,0.6824,146.0016,80.6115,5,71,267,14,26.1905,23.4732,27.3204,37.3174,6.4871,7.7037,9.4861,0,0,,1,0,0,920.9729,42.4572,0.3127,11.068,0.141,50.9716,0.7296,11.4936,6.994,48.2987,"RBT BFVol, DpthBf_Avg, DpthBf_Max;"
YFI00001-000851,Yankee Fork,Bonanaza Treatment,Pre,Floodplain Enhancement-Treatment,4421,320,Depositional,09/21/2016,2016,Primary Visit,Data Approved,Released to Public,"Step Panel 2013,2014,2016,2017,2018,2021",-,36,Yankee Fork,4267.5468,3198.0507,1,2051.19688,26.9822,0.176,14.6708,0.1052,4,36.2,0.995,0.49903,1.08716,0.3892,0.2194,0.1223,,5,0,0,91.9079,3.0921,8.0921,521.4674,0.3436,113.7244,2378.284,0.6871,613.6867,0.8845,2.7485,0.3436,0.7469,0.082,291.0649,0.4092,0.7322,0,93,0.5,21.5,78.5,10,20.5,79.5,39,0,0,0,1.0938,298.2939,0.3436,103.6982,80.3328,28,195,353,5.7344,6.2184,24.7135,31.5816,21.4707,18.0921,5.6667,8.6667,0,0,,1,0,0,831.1094,43.321,0.2978,10.949,0.1377,11.4843,1.6015,28.7502,21.6783,86.9143,
YFI00001-000851,Yankee Fork,Bonanaza Treatment,Pre,Floodplain Enhancement-Treatment,4867,320,Depositional,09/09/2017,2017,Primary Visit,Data Approved,Not Released,"Step Panel 2013,2014,2016,2017,2018,2021",Yes,38,Yankee Fork,4713.7879,3353.9388,1,,24.9776,0.1996,15.578,0.1149,7,50,1.0241,,,0.4416,0.1841,0.1217,,5.2478,0,1.5702,91.0396,4.7522,11.5702,1633.4908,1.0227,513.1677,1554.2042,1.0227,430.0231,0.7933,8.1814,2.0453,3.3559,1.3638,293.3485,0.2568,1.2598,1,91,1,18.5,81.5,11,18,82,34.5,0,0,0,1.0939,166.2441,0.3409,66.3228,79.2978,34,111,284,10.6889,16.5142,32.5887,28.367,28.3319,7.7562,0.6667,3,0,0,,1,0,0,1009.5136,38.8196,0.2579,11.3896,0.1369,12.6701,52.5522,12.7616,2.4851,34.7777,"RBT BFVol, DpthBf_Avg, DpthBf_Max;"
YFT00001-001196,Yankee Fork,Bonanaza Treatment,Pre,Floodplain Enhancement-Control,1229,320,Depositional,09/10/2013,2013,Primary Visit,Quality Assurance,In Q/A,"Step Panel 2013,2014,2015",Yes,32,Yankee Fork,5230.2106,3465.9283,1,3723.29719,24.1195,0.171,16.7146,0.1104,6,69,1.2284,0.73875,1.83032,0.333,0.3746,0.1346,,1.0746,0,1.9605,91.4742,5.7873,8.8223,528.0523,0.6299,130.6434,2663.9678,0.9449,504.8193,1.0097,3.7794,0,0.0488,0.0488,317.5081,0.5646,0.5704,0,79,2.5,40.5,59.5,18.5,46,54,89,0,0,0,1.0739,273.9082,0.315,127.8146,73.2819,6,98,310,14.4405,17.1405,24.7937,43.1854,9.2097,20.3088,12.6667,12.6667,0,0,0,1,0,0,763.2773,54.5361,0.3091,10.9773,0.1424,50.6339,29.8686,18.4284,10.5067,19.4975,"RBT BFVol, DpthBf_Avg, DpthBf_Max;"
YFT00001-001196,Yankee Fork,Bonanaza Treatment,Pre,Floodplain Enhancement-Control,2213,320,Depositional,09/21/2014,2014,Primary Visit,Data Approved,Released to Public,"Step Panel 2013,2014,2015",-,40,Yankee Fork,5045.2889,3754.0344,1,3513.46375,23.3576,0.1595,15.8957,0.107,6,70.9,1.2279,0.69949,1.65308,0.3684,0.3634,0.1374,0.0003,0.3667,0,0.3132,95.5547,4.0786,4.7585,613.6803,0.63,180.2336,2865.0542,0.945,643.324,0.99,1.5749,0.315,0.2151,0.0583,317.472,0.6803,0.7913,0,93.5,1.5,12,88,5,22,78,35.5,0,0,0,1.0817,275.2999,0.315,143.9968,73.1649,6,87,325,16.3088,22.3756,30.9087,29.4887,27.8065,11.7961,20.8889,21.3333,0,0,,1,0,0,967.5545,49.8124,0.2979,11.8083,0.1369,48.5401,26.7292,2.5011,2.0584,24.7307,"RBT BFVol, DpthBf_Avg, DpthBf_Max;"
YFT00001-001196,Yankee Fork,Bonanaza Treatment,Pre,Floodplain Enhancement-Treatment,5111,320,Depositional,09/26/2017,2017,Primary Visit,Data Approved,Not Released,"Step Panel 2013,2014,2017,2020",Yes,38,Yankee Fork,5208.1198,3859.8431,1,,21.6348,0.1635,16.4428,0.096,5,50,1.1071,,,0.4531,0.37,0.1559,,5,0,2.4115,88.0571,4.5315,11.9429,1338.0569,0.6319,436.0963,2223.2373,0.6319,621.6916,0.98,1.2638,0.6319,0.4708,0,316.4949,0.444,1.517,0,77.5,13,19.5,80.5,5.5,32,68,68.5,0,0,0,1.0707,298.5489,0.316,175.7948,71.2528,21,137,316,6.1628,13.5663,28.7094,27.7718,32.7454,10.7735,11.3333,12.2222,0,0,,1,0,0,1233.5827,41.353,0.2582,12.128,0.0867,51.4433,21.411,0.2944,0.0196,27.1457,"RBT BFVol, DpthBf_Avg, DpthBf_Max;"
YFI00001-000323,Yankee Fork,LWD Treatment,Pre,Depositional,2207,360,Depositional,06/28/2014,2014,Primary Visit,Data Approved,Released to Public,Rotating Panel 2,-,32,Yankee Fork,8004.9291,5798.1555,1.2204,5017.19094,30.9975,0.5228,17.7411,0.3556,8,53,0.4806,0.53156,1.67712,0.5309,0.2241,0.163,0.0008,2.4081,0,3.4846,94.4349,5.1455,11.0382,1406.3391,0.8103,485.7972,4301.434,1.0804,1311.5402,0.9469,5.402,2.4309,4.2921,2.206,370.2341,0.3527,4.0248,4.5,90.5,5.5,17,83,14,30.5,69.5,43,0,0,0,1.2025,90.393,0.2701,59.5012,81.6863,24,61,199,8.9512,11.5455,9.4486,42.0063,43.4671,5.0779,0.6667,1,31,58,31.32,1.3851,1475.7921,25.4527,1856.8386,35.1409,0.4846,12.2519,0.3188,64.9908,17.2739,0.0323,0,17.7353,"RBT BFVol, DpthBf_Avg, DpthBf_Max;"
YFI00001-000323,Yankee Fork,LWD Treatment,Post,Depositional,3354,360,Depositional,08/15/2015,2015,Primary Visit,Data Approved,Released to Public,Annual,-,40,Yankee Fork,6664.6048,5188.2676,1.3646,3473.34471,26.3429,0.4041,13.6705,0.3295,12,54.5,0.4715,0.51999,1.22644,0.3543,0.2302,0.1189,0.0001,2.191,0,5.094,87.389,7.85,15.135,2757.3776,1.3275,646.673,2430.9105,1.8585,478.6175,0.9669,8.4961,5.5756,19.82,14.2292,376.6433,,0.7901,2,91.5,8,14,86,8.5,17.5,82.5,31.5,0,0,0,1.1815,0,0,0,84.2363,0.0359,39,178,7.88,13.8724,19.7939,16.3366,25.9468,37.9227,83.4964,83.9444,19,36,19.59,1.399,1206.5489,23.2552,1125.2905,40.2859,0.4796,10.6275,0.3346,55.1037,22.8896,0.3632,0.3632,22.0067,"RBT BFVol, DpthBf_Avg, DpthBf_Max;"
YFI00001-000323,Yankee Fork,LWD Treatment,Post,Depositional,4878,360,Depositional,08/22/2017,2017,Primary Visit,Data Approved,Not Released,Annual,-,33,Yankee Fork,6626.5075,4061.2592,1.3375,,22.5223,0.3915,13.2778,0.2281,9,40,0.57,,,0.508,0.2501,0.154,,4.7252,0,3.7041,90.7463,5.8245,14.2537,1787.1447,0.7372,620.2904,1676.6904,0.983,521.6402,0.9081,20.1507,4.6691,30.6356,0.1206,406.934,0.3781,1.5403,6,88.5,7.5,27.5,72.5,14.5,27,73,51.5,116,0,29,1.2738,481.0885,0.4915,238.6385,88.4814,22,73,264,3.1313,9.1482,18.985,27.9383,43.3515,9.7252,5.8667,7.3333,21,47,21.01,1,0,2.8642,1380.5692,31.2412,0.3703,9.7597,0.204,69.727,13.7095,0.5747,0.4181,16.5634,
YFI00001-000427,Yankee Fork,LWD Treatment,Pre,Depositional,1429,240,Depositional,10/05/2013,2013,Primary Visit,Data Approved,Released to Public,Rotating Panel 1,-,44,Yankee Fork,3055.5524,2219.9947,1,2186.39938,17.2735,0.1827,12.5205,0.12,8,172,1.2244,0.71613,1.43835,0.4784,0.2109,0.1527,,0,2,4.1726,78.902,14.2159,21.098,313.4391,0.8185,92.4963,1591.5324,1.6371,485.6603,1.1993,11.8689,5.3206,7.0578,2.8997,244.3354,0.2638,1.1891,11.5,85.5,21,34,66,27.5,43.5,56.5,64.5,0,0,0,1.0545,315.2335,0.8185,123.0538,59.1311,16,90,376,4.2,3.2064,28.9665,20.9497,34.4954,10.5227,0.3333,2,3,10,3.78,1,0,0,701.2105,28.8863,0.1772,9.0358,0.0984,1.5708,88.2285,19.626,4.3678,10.2007,"RBT BFVol, DpthBf_Avg, DpthBf_Max;"
YFI00001-000427,Yankee Fork,LWD Treatment,Post,Depositional,3353,240,Depositional,08/28/2015,2015,Primary Visit,Data Approved,Released to Public,Annual,-,25,Yankee Fork,2968.9578,2293.9033,1,2008.64266,17.4987,0.1934,11.7122,0.1324,16,46.7,1.1959,0.67541,1.54419,0.4437,0.2201,0.1373,0.0001,1.0789,0,8.6908,76.512,15.7936,26.3005,664.6279,1.5872,193.1793,868.0095,2.3807,238.6601,1.1928,9.5229,7.1422,14.1009,1.307,252.0232,0.1757,0.6279,3.5,91.5,7,25,75,13.5,31.5,68.5,51.5,0,0,0,1.0494,761.2919,2.3807,239.3511,48.9293,5,52,321,7.8182,17.087,24.941,18.7482,37.8655,13.1825,40.5667,43.9835,2,4,2.7,1,0,0,671.1905,27.3274,0.2426,9.0643,0.1114,0.7219,56.5083,7.5091,5.5453,42.7698,"RBT BFVol, DpthBf_Avg, DpthBf_Max;"
YFI00001-000427,Yankee Fork,LWD Treatment,Post,Depositional,3970,240,Depositional,08/22/2016,2016,Primary Visit,Data Approved,Released to Public,Annual,-,20,Yankee Fork,2979.6915,2295.8001,1,2004.03828,17.6596,0.1786,11.9648,0.1206,14,47.8,1.2413,0.67078,1.38599,0.4397,0.2094,0.1339,,0,0,2.8439,89.4714,9.0596,11.9035,1090.4295,2.0222,317.0483,906.0011,2.4266,242.6755,1.1979,10.9197,7.2798,21.5326,6.5831,247.2585,0.1413,0.7032,3,89,9,30,70,8.5,38,62,70.5,0,0,0,1.0473,299.3697,1.2133,111.2901,55.5541,12,55,344,4.5114,4.2528,24.2718,26.4429,35.7406,12.6326,3.3333,5.5833,0,0,,1,0,0,671.0139,30.3555,0.231,9.2207,0.0895,33.7519,27.5674,13.5522,3.6668,16.414,
YFI00001-000559,Yankee Fork,LWD Treatment,Pre,Depositional,1550,360,Depositional,08/27/2013,2013,Primary Visit,Data Approved,Released to Public,Rotating Panel 1,-,24,Yankee Fork,5307.9496,2941.0194,1,2445.30688,42.9818,0.5069,17.44,0.3779,10,36,0.5136,0.41903,1.78833,0.3305,0.5625,0.1652,,2.889,0,5.4997,90.3962,5.5108,13.8995,611.7721,0.6349,102.9205,1660.7723,0.9523,229.0322,0.6457,13.3321,6.9835,22.1627,0.4842,315.0295,0.3994,0.672,0,95.5,8.5,41,59,14.5,22.5,77.5,53.5,0,0,0,1.4069,668.4747,1.5872,219.5061,87.3832,25,49,84,3.2727,6.7083,4.5292,28.7478,46.1518,20.0659,0.4444,3.2222,13,30,13.06,1,0,0,551.4587,52.2271,0.4328,9.192,0.2166,53.6398,12.5649,11.881,5.6317,29.5859,"RBT BFVol, DpthBf_Avg, DpthBf_Max;"
YFI00001-000559,Yankee Fork,LWD Treatment,Post,Depositional,3352,320,Depositional,07/13/2015,2015,Primary Visit,Data Approved,Released to Public,Annual,-,25,Yankee Fork,5145.6064,3333.8261,1,2667.48875,43.8631,0.5212,16.9072,0.2957,15,23,0.4426,0.46872,1.8147,0.4124,0.4733,0.1712,0.0005,0.0218,0,3.7926,96.1856,0.1806,3.995,1711.7269,1.5278,414.7769,1180.6073,1.5278,233.8072,0.6645,23.5275,15.5832,26.3367,10.094,327.2762,0.6219,1.046,1,97.5,3.5,18.5,81.5,12.5,13.5,86.5,22,0,0,0,1.4708,441.1777,1.5278,218.9291,89.5945,24,54,104,3.3372,6.2481,4.0356,31.9505,60.67,2.9251,1.2593,2.3056,21,48,21.09,1,0,0,867.5155,42.7313,0.3499,10.1161,0.1858,61.3511,9.021,6.1038,3.4715,29.6278,
YFI00001-000559,Yankee Fork,LWD Treatment,Post,Depositional,3968,316,Depositional,07/12/2016,2016,Primary Visit,Data Approved,Released to Public,Annual,-,22,Yankee Fork,6012.0622,3698.1364,1,2833.32089,44.9792,0.3878,19.9289,0.3342,12,49.7,0.4596,0.47423,1.78857,0.4148,0.4859,0.1917,,0,0,3.9167,94.3959,1.8746,5.7913,841.4239,0.94,188.6465,1944.1246,0.94,362.725,0.6889,25.3808,16.2938,36.5795,0.3283,319.1392,0.4105,1.2759,0,98.5,3,30,70,17.5,13,87,27,0,0,0,1.3921,912.4627,1.8801,367.4779,88.3734,22,50,89,5.2692,8.3081,5.5837,32.2861,50.0822,12.0481,1.7778,3.7037,36,73,36.42,1,0,0,918.8493,48.245,0.4682,11.7084,0.2761,0,64.2288,8.8898,4.6325,35.7712,"RBT BFVol, DpthBf_Avg, DpthBf_Max;"
YFI00001-001328,Yankee Fork,LWD Treatment,Pre,Depositional,3351,240,Depositional,07/11/2015,2015,Primary Visit,Data Approved,Released to Public,Annual,-,28,Yankee Fork,2792.8849,2152.7089,1,2050.09984,17.6129,0.1267,13.336,0.1004,8,36,1.6187,0.74368,1.30408,0.5016,0.1778,0.142,0.0002,0,0,1.5106,89.7478,8.7416,10.2522,1172.3228,1.8984,436.2706,980.6721,1.8984,324.2367,1.3513,8.0683,3.7968,5.7651,4.421,210.7012,,1.3771,19.5,77,37,41,59,22.5,38.5,61.5,80,0,0,0,1.072,0,0,0,44.5709,39,145,312,2.2209,3.4184,21.1011,45.0339,24.498,7.0084,1,1.8333,2,3,2.36,1,0,0,760.5081,29.5744,0.1592,10.2198,0.0948,16.1718,74.1848,20.5503,9.038,8.9859,
YFI00001-000835,Yankee Fork,Middle Preachers Treatment,Pre,Floodplain Enhancement-Treatment,1216,320,Depositional,10/09/2013,2013,Primary Visit,Data Approved,Released to Public,Annual,Yes,42,Yankee Fork,6068.9348,4647.2315,1,3493.62063,29.6687,0.2145,17.3708,0.1531,8,74,0.8774,0.57775,1.96301,0.3898,0.3136,0.1296,,0,0,0.9951,93.4119,6.5881,7.5831,1615.8822,1.1618,492.7174,3031.5028,1.1618,606.834,0.9824,5.8091,1.1618,0.7679,0.2312,344.2893,,1.4648,0,92.5,24.5,50.5,49.5,36.5,44,56,65.5,0,0,0,1.0988,0,0,0,80.3815,28,115,299,2.4219,2.4129,25.7902,31.9812,30.4868,10.9951,0.3333,1,0,2,0.7,1,0,0,1099.5518,55.332,0.3804,13.1843,0.1812,24.2549,74.1861,3.1763,0.1998,1.559,"RBT BFVol, DpthBf_Avg, DpthBf_Max;"
YFI00001-000835,Yankee Fork,Middle Preachers Treatment,Pre,Floodplain Enhancement-Treatment,2193,320,Depositional,08/08/2014,2014,Primary Visit,Data Approved,Not Released,Annual,-,40,Yankee Fork,6071.6093,4787.088,1,4027.67156,28.7047,0.2172,17.2424,0.1627,10,82,1.4161,0.64584,1.26904,0.4206,0.2391,0.1241,0.0001,0.5037,0,2.6411,95.9281,5.829,8.9738,1225.5124,0.8584,382.3445,3008.7681,1.1446,729.5221,1.0067,7.1535,3.1475,4.8866,1.5985,349.4795,0.152,1.3384,2,83.5,8.5,34,66,19,44,56,75.5,0,0,0,1.1077,552.2301,0.8584,187.1068,79.6499,23,100,253,1.6429,1.4443,11.061,36.165,42.8761,9.3527,0.1333,1.0667,1,5,1.77,1,0,0,1298.9944,50.0865,0.358,13.5047,0.1825,53.1462,46.8538,18.6218,0,0,"RBT BFVol, DpthBf_Avg, DpthBf_Max;"
YFI00001-000835,Yankee Fork,Middle Preachers Treatment,Post,Floodplain Enhancement-Treatment,3120,320,Depositional,09/12/2015,2015,Primary Visit,Data Approved,Released to Public,Annual,-,54,Yankee Fork,5938.4565,4627.3333,1,3363.43094,29.891,0.2246,16.8118,0.1676,13,64.8,0.834,0.56331,1.50378,0.382,0.2727,0.1226,0.0001,4.1305,0,7.0356,84.9713,8.1926,19.4042,2190.3952,1.1443,575.5797,1963.3707,1.4304,421.3988,1.0227,12.0156,10.5852,23.0875,7.7514,349.5456,0.2345,0.7245,4.5,87,12,18,82,8.5,25.5,74.5,48,0,0,0,1.0953,473.5352,1.1443,154.1658,78.9912,0.1602,67,291,12.0938,20.9998,25.1028,18.8107,34.2886,19.288,63.9189,64.1094,2,8,2.15,1,0,0,1151.1442,52.5575,0.3972,13.1326,0.2101,44.0048,41.2851,10.2663,3.5212,11.8458,
YFI00001-000835,Yankee Fork,Middle Preachers Treatment,Post,Floodplain Enhancement-Treatment,3963,320,Depositional,09/03/2016,2016,Primary Visit,Data Approved,Released to Public,Annual,-,41,Yankee Fork,5968.9671,4557.1098,1,3401.06063,29.5744,0.2217,16.8739,0.1391,9,82.4,2.7985,0.57367,1.40308,0.4028,0.2508,0.1279,,5.0646,0,5.2397,88.9437,4.8002,15.1044,2105.3128,1.1411,612.6414,2392.5589,1.1411,543.8031,1.004,12.8376,8.8437,25.1317,11.8866,350.5335,,0.9687,1,84,9.5,31,69,19,30.5,69.5,58.5,0,0,0,1.1016,58.8631,0.2853,6.6233,73.2175,13,98,321,8.3286,15.6811,22.0481,19.6705,19.8555,32.8781,23.5,24.5,3,8,3.93,1,0,0,1163.068,52.9046,0.3901,12.9494,0.1856,4.5172,80.1037,1.4487,0.522,15.3791,"RBT BFVol, DpthBf_Avg, DpthBf_Max;"
YFI00001-000835,Yankee Fork,Middle Preachers Treatment,Post,Floodplain Enhancement-Treatment,4869,320,Depositional,08/18/2017,2017,Primary Visit,Data Approved,Not Released,Annual,Yes,32,Yankee Fork,5970.8155,4435.5745,1,,26.0372,0.1992,16.9065,0.1185,11,50,2.3733,,,0.4951,0.2472,0.1502,,3.8181,0,3.5674,92.8501,6.1457,14.0757,2064.8833,1.137,752.8993,1983.7208,0.8527,582.0293,0.9668,15.9174,7.3902,28.3921,10.244,351.8154,0.3882,1.7903,1,89,11.5,30.5,69.5,18,34.5,65.5,58,0,0,0,1.0907,386.9575,1.137,157.5003,77.3439,12,109,329,9.6571,14.1446,29.2854,23.1432,35.3633,12.2082,11.3333,12.381,4,10,4.5,1,0,0,1492.4288,43.1136,0.3776,12.5608,0.168,14.1176,71.684,5.7506,3.9041,14.1984,"RBT BFVol, DpthBf_Avg, DpthBf_Max;"
YFI00001-000777,Yankee Fork,Preachers/Bonanza Control,NA,Floodplain Enhancement-Control,1218,360,Depositional,10/13/2013,2013,Primary Visit,Data Approved,Released to Public,Annual,Yes,44,Yankee Fork,5383.7839,4068.6955,1,3859.2925,29.0082,0.1652,15.8154,0.1297,6,39,0.8902,0.62647,1.23767,0.354,0.1768,0.1074,,0,0,2.8289,95,5,7.8289,1202.3023,0.8854,308.8274,2866.3148,0.8854,644.3588,0.8676,4.4272,0.8854,0.5368,0.0976,338.818,,1.2442,0,96,2,18.5,81.5,15.5,20,80,27,0,0,0,1.0308,0,0,0,86.653,12,55,190,8.2432,9.3709,6.9508,41.8445,45.5905,4.3569,1.1111,8,0,0,0,1,0,0,953.1862,51.0875,0.2657,11.9389,0.1393,28.9733,37.8394,12.3051,7.1738,33.1872,"RBT BFVol, DpthBf_Avg, DpthBf_Max;"
YFI00001-000777,Yankee Fork,Preachers/Bonanza Control,NA,Floodplain Enhancement-Control,2197,360,Depositional,07/13/2014,2014,Primary Visit,Data Approved,Released to Public,Annual,-,40,Yankee Fork,5942.0221,4171.6173,1,3545.1075,28.248,0.1859,17.4739,0.1283,6,79,0.855,0.60906,1.14722,0.355,0.202,0.1007,0.0001,2.0046,0,1.5174,95.7675,5.6346,9.1566,1315.247,0.8849,366.9638,2856.3702,0.8849,734.2717,0.8797,0.5899,0.295,0.2876,0,339.0382,,1.3618,0,92.5,0,50,50,27.5,52,48,82,0,0,0,1.0325,0,0,0,84.9636,30,129,274,2.6698,3.6732,6.9821,39.7118,41.0313,12.2749,0.8889,2.6667,0,0,,1,0,0,1101.2355,48.6746,0.2915,12.2986,0.1573,47.4967,39.4634,18.7229,4.7334,13.0399,"RBT BFVol, DpthBf_Avg, DpthBf_Max;"
YFI00001-000777,Yankee Fork,Preachers/Bonanza Control,NA,Floodplain Enhancement-Control,3121,360,Depositional,08/25/2015,2015,Primary Visit,Data Approved,Released to Public,Annual,-,45,Yankee Fork,5558.0431,4150.9814,1,3222.23406,28.1756,0.1968,16.3758,0.1429,6,85,0.7582,0.58399,1.03162,0.3251,0.1922,0.095,0,3.9254,0,0,96.0746,2.7754,6.7008,1242.5153,0.8835,321.3695,2908.5578,0.8835,627.1434,0.9099,0.589,0.2945,0.2438,0,339.5707,,0.8596,0,94,1,57,43,20,41.5,58.5,84.5,0,0,0,1.0215,0,0,0,82.0763,0.0363,56,230,12.0588,11.2282,14.7342,24.3329,20.6811,38.9731,31.1111,32.6667,0,0,,1,0,0,948.5131,49.6697,0.2511,12.2117,0.144,18.839,61.1736,0.0079,0.0079,19.9874,"RBT BFVol, DpthBf_Avg, DpthBf_Max;"
YFI00001-000777,Yankee Fork,Preachers/Bonanza Control,NA,Mainstem Control,3966,360,Depositional,09/07/2016,2016,Primary Visit,Data Approved,Released to Public,Annual,-,38,Yankee Fork,5700.7684,4174.2359,1,3238.04938,27.218,0.1536,16.8205,0.085,6,36.5,0.9394,0.60391,1.10303,0.3378,0.1592,0.0914,,0,0,0,97.9986,2.7331,2.7331,1216.0442,0.8877,340.5617,2958.1917,0.8877,699.4978,0.89,0.5918,0.5918,0.1759,0,337.9676,,0.9084,0,94,2.5,42,58,18.5,46.5,53.5,76,0,0,0,1.0209,0,0,0,83.5156,47,122,322,8.0638,9.5971,25.3575,35.3834,27.9058,11.3533,4.4444,7.1111,0,0,,1,0,0,1040.0595,51.2691,0.3109,12.3228,0.1364,23.7369,38.4018,0,0,37.8613,
YFI00001-000777,Yankee Fork,Preachers/Bonanza Control,NA,Mainstem Control,4668,360,Depositional,08/20/2017,2017,Primary Visit,Quality Assurance,In Q/A,Annual,Yes,48,Yankee Fork,6036.8118,4293.2751,1,,26.003,0.1978,17.6118,0.1331,6,60,0.9185,,,0.4006,0.1655,0.1052,,0,0,1.2712,93.1228,5.606,6.8772,1071.2756,0.8794,372.6863,3220.6459,0.8794,938.9856,0.8879,2.3451,1.1725,0.5867,0,341.1413,,1.7073,0,97,2,32.5,67.5,15,28.5,71.5,49,0,0,0,1.034,0,0,0,85.4211,16,100,303,11.6216,13.8476,24.2244,24.4056,41.4562,8.4449,1.1111,1.7778,0,0,,1,0,0,1311.6748,42.1217,0.261,12.5699,0.1146,16.3766,67.4036,3.0302,1.4226,16.2198,"RBT BFVol, DpthBf_Avg, DpthBf_Max;"
YFI00001-000713,PS 1,PS 1Treatment,Pre,Adaptive Management-Treatment,4107,600,,07/11/2016,2016,Primary Visit,Data Approved,Not Released,Annual,-,49,Yankee Fork,6994.257,6161.6395,1,8351.63813,21.7308,0.7719,13.1975,0.7267,36,103.5,1.1811,1.13688,5.0282,1.1831,0.8649,1.0651,,10.7472,0,5.4813,83.0166,2.2825,18.5629,576.4019,1.8252,85.8614,51.0216,1.0951,4.6975,0.3086,5.2932,4.198,3.999,1.7034,547.8772,1.0333,,1,97.5,1.5,20.5,79.5,15,8.5,91.5,16.5,0,0,0,1.1026,5533.8254,3.6505,6293.7457,73.1062,32,104,303,3.3913,6.4927,7.3551,5.6348,9.9862,76.5193,23.5753,24.442,1,4,1.65,1,0,0,6384.3094,23.589,0.8683,10.6218,0.7294,36.94,49.0597,4.0115,1.7274,14.0003,"RBT BFVol, DpthBf_Avg, DpthBf_Max;"
YFI00001-000713,PS 1,PS 1Treatment,Post,Adaptive Management-Treatment,4872,600,,09/11/2017,2017,Primary Visit,Data Approved,Not Released,Annual,Yes,58,Yankee Fork,4200.2458,3020.6078,1,,17.8512,0.4549,9.1287,0.8915,21,80,1.014,,,0.9827,1.2214,1.044,,13.0908,0,8.8184,74.6834,6.6922,28.6476,365.2341,1.562,79.5204,45.9972,1.0413,6.4705,0.4367,18.4831,15.3592,18.4692,2.6808,384.1352,0.8965,0.0356,1,99,2,25.5,74.5,24,12.5,87.5,15,0,0,0,1.2406,2609.375,2.8636,2443.3858,68.969,16,38,150,12.12,22.8497,4.8564,8.1576,19.9598,67.0262,49.9394,54.5455,0,0,,1,0,0,2529.3769,17.795,0.5412,7.3893,0.9212,20.8014,56.4693,7.7339,3.0078,22.7294,"RBT BFVol, DpthBf_Avg, DpthBf_Max;"
YFI00001-001503,Yankee Fork,PS 2 Control,NA,Adaptive Management-Control,1213,400,Depositional,08/05/2013,2013,Primary Visit,Data Collection,Post Processing,Annual,Yes,38,Yankee Fork,,,,5082.87969,,,,,,84,,0.61218,1.75256,,,,,,,,,,,,,,,,,,,,0.5084,0.0895,,,1.995,1.5,93.5,2.5,30.6,69.4,27,29.5,70.5,39.6,,,,,,,,82.2013,24,67,218,18.4146,22.5679,,,,,0.2222,1.5556,0,0,0.55,,,,,,,,,51.3491,35.4163,18.7319,3.2676,13.2346,"RBT BFVol, DpthBf_Avg, DpthBf_Max;"
YFI00001-001503,Yankee Fork,PS 2 Control,NA,Adaptive Management-Control,2189,400,Depositional,10/02/2014,2014,Primary Visit,Data Approved,Released to Public,Annual,-,55,Yankee Fork,8845.1301,6750.8391,1,6132.3875,31.6221,0.376,21.3411,0.2486,7,74.4,1.0776,0.69751,1.92749,0.4968,0.4073,0.1902,0.0001,0,0,1.9338,98.0662,0,1.9338,1931.1247,0.7377,689.1728,3528.5182,0.7377,863.7777,0.5462,3.4428,1.9673,1.2029,0.1345,406.6434,0.8086,1.5956,2,93.5,4.5,21.5,78.5,14,25.5,74.5,39.5,0,0,0,1.1672,1291.2457,0.2459,663.8225,87.0524,0.0425,67,279,8.6765,13.6797,15.1467,11.7518,13.9311,59.1705,97.8333,97.8333,2,7,2.21,1,0,0,2216.7728,56.3872,0.4473,16.2608,0.2524,22.7534,52.5722,26.966,16.0216,24.6744,"RBT BFVol, DpthBf_Avg, DpthBf_Max;"
YFI00001-001503,Yankee Fork,PS 2 Control,NA,Adaptive Management-Control,3119,400,Depositional,09/24/2015,2015,Primary Visit,Data Approved,Released to Public,Annual,-,44,Yankee Fork,8413.5449,6751.057,1,5777.14188,32.9979,0.3186,19.9734,0.2515,8,72,0.837,0.64985,1.82227,0.4774,0.3821,0.1836,0.0001,0,0,1.0256,98.9744,0,1.0256,3103.2482,0.9898,944.77,2263.045,0.7424,573.0077,0.5709,1.9797,1.7322,0.9287,0.6131,404.1061,0.6898,1.6187,0,95,4,35.5,64.5,21,28.5,71.5,48,0,0,0,1.136,1384.7127,0.2475,662.2837,83.5218,25,77,303,9.6218,17.3885,6.7497,31.9043,20.8007,40.5453,61.2,62.2667,0,2,0.53,1,0,0,2180.0617,54.7753,0.3986,16.5623,0.2897,47.9293,45.2551,0.4079,0,6.8156,"RBT BFVol, DpthBf_Avg, DpthBf_Max;"
YFI00001-001503,Yankee Fork,PS 2 Control,NA,Mainstem Control,3961,221,Depositional,06/28/2016,2016,Primary Visit,Data Approved,Released to Public,Annual,-,28,Yankee Fork,8964.7847,7217.9901,1,7343.6175,31.4424,0.3692,21.4512,0.2522,8,61,1.077,0.76267,2.64746,0.5904,0.3234,0.2052,,2.4565,0,0.369,95.3373,1.8373,4.6627,3118.7609,0.9934,1474.1097,3566.5801,0.745,1145.4212,0.5659,1.9867,1.2417,0.4864,0.0563,402.6693,0.1556,5.6637,0,93.5,1,45.5,54.5,37,45.5,54.5,60.5,0,0,0,1.1317,532.6491,0.2483,334.5002,84.0243,48,111,274,1.3559,1.7134,19.8638,33.893,31.3678,14.8755,1.8333,5.1667,2,11,2.68,1,0,0,2954.0313,48.1949,0.3692,17.7027,0.2768,54.4199,39.0084,0.3801,0,6.5717,"RBT BFVol, DpthBf_Avg, DpthBf_Max;"
YFI00001-001503,Yankee Fork,PS 2 Control,NA,Mainstem Control,4866,400,Depositional,09/24/2017,2017,Primary Visit,Data Approved,Not Released,Annual,Yes,68,Yankee Fork,8928.7121,7079.6409,1,,27.6868,0.3743,21.306,0.2328,8,60,1.2824,,,0.5493,0.3069,0.1772,,5,0,2.6093,91.7208,4.8026,12.4119,3113.3532,0.9853,1339.407,3823.0451,0.7389,1135.3657,0.5658,3.6947,2.9558,3.4824,0.2522,405.9831,0.6124,2.5982,0,96.5,1,29.5,70.5,24.5,26.5,73.5,35,0,0,0,1.1607,422.8681,0.2463,241.1979,83.5395,24,99,300,4.7949,11.462,23.086,23.3916,33.2918,20.2306,15.3333,18.2667,2,11,2.9,1,0,0,2715.9694,49.0655,0.4309,17.0142,0.2303,42.5717,51.3899,1.0983,0,6.0384,"RBT BFVol, DpthBf_Avg, DpthBf_Max;"
YFI00001-000133,PS 2,PS 2 Lower Treatment (Long),Pre,Adaptive Management-Treatment,1626,320,,08/04/2013,2013,Primary Visit,Quality Assurance,In Q/A,Annual,Yes,109,Yankee Fork,2672.1977,2398.5116,1,,17.1815,0.5266,8.1249,0.8902,30,70,0.6795,,,0.696,0.8449,0.5125,,80.9899,0,4.9316,13.7568,5.8581,91.8307,107.644,3.0535,8.3146,42.9545,1.8321,1.8984,0.866,24.7332,6.4123,4.3363,0.0204,327.4956,0.278,,1,92.5,3,28.5,71.5,23.2,27.7,72.3,40.5,0,0,0,1.0951,2245.4196,4.2749,1897.3571,57.6808,0.0372,18,57,22.0556,19.004,5.3694,6.6075,11.4481,76.575,63.189,63.189,1,3,1.05,1,0,0,1909.487,29.7275,2.9787,7.2055,1.0071,45.5347,46.0917,0.28,0,8.3736,
YFI00001-000133,PS 2,PS 2 Lower Treatment (Long),Post,Adaptive Management-Treatment,2211,320,,07/13/2014,2014,Primary Visit,Quality Assurance,In Q/A,Annual,-,72,Yankee Fork,1865.0886,1516.3851,1,662.33148,15.9836,0.4558,3.9263,0.8755,36,119,1.2216,0.32788,1.14673,0.2406,0.6141,0.1965,,47.1753,0,16.9267,37.4566,6.5431,70.6451,208.6765,2.9081,22.8292,71.2609,1.4541,5.6196,0.8222,38.3875,28.209,14.3648,1.3682,343.862,0.2229,,0.5,96,1.5,21,79,21,19,81,23,0,0,0,1.1231,1236.3972,6.1071,335.6028,69.3226,2,24,92,16.39,19.5415,5.9606,8.1173,13.8912,72.0309,17.5977,18.5102,0,1,0.3,1,0,0,364.0516,18.9068,0.551,3.3386,1.0042,16.9026,69.6927,4.5606,1.8038,13.4048,"RBT BFVol, DpthBf_Avg, DpthBf_Max;"
YFI00001-000133,PS 2,PS 2 Lower Treatment (Short),Post,Adaptive Management-Treatment,3125,212,,08/10/2015,2015,Primary Visit,Data Approved,Released to Public,Annual,-,72,Yankee Fork,1569.4835,1261.5148,1,758.28203,17.7366,0.8063,5.5794,1.1295,24,126,0.9318,0.42037,1.45569,0.266,0.7399,0.2251,0.0005,31.7568,0,19.469,47.3434,5.6251,56.8508,115.4974,4.0167,9.5091,23.4872,0.8926,1.6138,0.6002,54.4486,42.3985,11.6187,1.5261,224.0646,0.1926,,2.5,97,6.5,47.5,52.5,26.5,25,75,49,0,0,0,1.0882,1122.0202,5.8019,375.411,64.0868,17,39,132,1.381,3.6457,3.1259,5.3045,9.0986,82.4709,22.6955,24.0198,0,1,0.31,1,0,0,386.5339,17.4559,0.5593,4.1471,1.1883,25.5669,66.697,7.0101,0,7.7362,"RBT BFVol, DpthBf_Avg, DpthBf_Max;"
YFI00001-000133,PS 2,PS 2 Lower Treatment (Short),Post,Adaptive Management-Treatment,3973,216,,06/27/2016,2016,Primary Visit,Data Approved,Released to Public,Annual,-,66,Yankee Fork,1691.1141,1307.7566,1,645.98633,20.4218,0.7466,5.886,0.8939,26,104.2,0.6539,0.37094,1.34314,0.2415,0.6087,0.2084,,16.5504,0,11.1523,75.5644,2.325,30.1128,666.5783,4.0116,187.8881,9.5416,0.8915,0.546,0.5398,45.9107,39.6704,14.0644,1.1265,224.3484,0.1708,,0.5,94,1.5,31,69,27.5,18,82,27.5,0,0,0,1.0928,631.6238,6.686,139.2652,70.4096,15,40,121,1.49,2.6364,3.2522,8.9289,14.0914,73.7276,19.8462,28.6154,0,0,,1,0,0,327.6993,22.3673,0.7401,4.4555,1.2236,32.1016,52.4921,7.9286,2.43,15.4063,"RBT BFVol, DpthBf_Avg, DpthBf_Max;"
YFI00001-000133,PS 2,PS 2 Lower Treatment (Short),Post,Adaptive Management-Treatment,4882,330,,07/13/2017,2017,Primary Visit,Data Approved,Not Released,Annual,Yes,60,Yankee Fork,1816.7203,1292.2653,1,,24.931,0.9279,7.8049,0.8428,26,109.4,1.3776,,,0.2871,0.6017,0.1852,,25.8506,0,22.2307,54.1905,6.025,54.1063,148.4086,4.0754,19.706,20.6953,1.3585,1.8775,0.5562,60.2247,50.2627,34.4743,4.2559,220.8396,0.1965,,0.5,97,1,19.5,80.5,18,11.5,88.5,16,0,0,0,1.0896,1123.1745,6.3394,372.1212,73.473,13,44,217,7.1731,9.5456,2.7164,3.8771,13.0341,80.3724,18.8,20.0667,0,1,0.22,1,0,0,393.7048,20.1026,0.5156,4.2654,1.0861,9.3553,0.8281,3.3843,0.9951,89.8166,"RBT BFVol, DpthBf_Avg, DpthBf_Max;"
YFI00001-000901,PS 2 ,PS 2 Upper Treatment (long),Pre,Adaptive Management-Treatment,1214,320,,07/24/2013,2013,Primary Visit,Data Collection,Post Processing,"Step Panel 2013,2014,2015,2018,2021",Yes,56,Yankee Fork,,,,886.88414,,,,,,139,,0.43245,1.60474,,,,,,,,,,,,,,,,,,,,0.5385,0,,,,0,84,5.5,70,30,78.5,54.5,45.5,62,,,,,,,,56.1888,6,57,245,5.1103,7.9509,,,,,74.5055,85.2,,,0.92,,,,,,,,,12.0914,1.5228,15.8693,12.4946,86.3858,
YFI00001-000901,PS 2 ,PS 2 Upper Treatment (long),Post,Adaptive Management-Treatment,2190,320,,07/15/2014,2014,Primary Visit,Quality Assurance,In Q/A,"Step Panel 2013,2014,2015,2018,2021",-,64,Yankee Fork,1646.7694,925.5039,1.0944,529.95754,21.8133,0.8321,4.5384,0.7923,40,120,0.3823,0.30387,1.32629,0.227,0.9736,0.2589,,3.6658,0,23.5391,65.5396,10.2936,37.4985,176.1019,2.8399,21.4378,96.946,2.272,7.0986,0.8843,23.2875,17.3237,15.2817,3.4391,352.1197,0.2219,,0,96.5,1.5,28,72,37,24.5,75.5,19,4,0,4,1.1621,647.9997,6.2479,226.8158,70.2048,5,30,126,9.7019,15.1992,3.8127,5.0468,15.4982,75.6424,64.4877,66.2778,0,1,0.71,1,0,0.4759,255.5583,23.0564,0.589,2.5201,1.0816,35.2074,48.237,2.3171,0.3387,16.5555,"RBT BFVol, DpthBf_Avg, DpthBf_Max;"
YFI00001-000901,PS 2 ,PS 2 Upper Treatment (Short),Post,Adaptive Management-Treatment,3470,200,,08/15/2015,2015,Primary Visit,Data Approved,Released to Public,"Step Panel 2013,2014,2015,2018,2021",-,64,Yankee Fork,1067.594,798.0053,1,461.36375,25.0521,0.9054,4.974,0.765,20,128,0.5594,0.35415,1.45581,0.281,1.0015,0.283,,15.5019,0,12.3878,76.2953,7.7282,35.6179,169.9734,3.2223,17.791,47.2556,1.8413,3.1618,0.7382,33.6039,25.318,19.4317,5.3945,217.2365,0.2931,,0,98,0,45,55,54,35.5,64.5,28.5,0,0,0,1.1768,580.6847,4.143,221.5236,62.6469,9,33,117,9.025,5.9465,1.6426,2.941,6.3754,89.041,90.5455,91.6364,0,0,,1,0,0,242.4764,22.07,0.594,3.6032,0.9472,22.2713,57.8588,0.4853,0,19.8699,"RBT BFVol, DpthBf_Avg, DpthBf_Max;"
YFI00001-000725,Yankee Fork,PS 3 Control,NA,Adaptive Management-Control,1219,480,Depositional,08/06/2013,2013,Primary Visit,Data Approved,Released to Public,Annual,Yes,38,Yankee Fork,9990.8039,7058.9987,1,7407.48223,30.9664,0.2822,20.7157,0.1768,11,90,1.215,0.70804,1.64465,0.4426,0.3488,0.1589,,4.5369,0,3.3688,95,3.4774,11.3831,2485.2247,0.8274,673.5723,3404.9588,1.0343,783.6903,0.6111,5.999,1.448,2.597,0.1714,483.4153,0.3812,1.7395,0.5,95.5,3.5,22.5,77.5,18.2,20.5,79.5,29.3,0,0,0,1.1622,1168.6214,0.4137,523.6283,84.3089,28,66,260,7.8158,8.8014,17.2377,36.3824,33.8137,12.5663,0.6667,2.1111,0,1,0.51,1,0,0,1980.8908,54.9863,0.3447,14.6222,0.173,30.924,48.9606,0.1191,0.1191,20.1153,"RBT BFVol, DpthBf_Avg, DpthBf_Max;"
YFI00001-000725,Yankee Fork,PS 3 Control,NA,Adaptive Management-Control,2198,480,Depositional,09/22/2014,2014,Primary Visit,Data Approved,Released to Public,Annual,-,62,Yankee Fork,9874.8999,7177.4082,1,6732.43375,28.9891,0.2314,20.6721,0.1555,11,82.1,1.2314,0.70532,1.77002,0.4678,0.3331,0.1544,0,0,1,0.6224,97.6809,1.7358,3.5249,1598.3242,0.6222,488.9217,4152.3058,1.037,1083.2988,0.5932,2.2813,0.4148,2.2639,0.1549,482.1721,0.3608,1.5396,2.5,94,10,16.5,83.5,11,19.5,80.5,31,0,0,0,1.1588,1425.986,0.6222,635.407,86.8318,0.0419,63,276,13.125,13.2513,22.2171,19.9678,25.6809,32.1342,63.0505,63.3838,1,3,1.73,1,0,0,2207.6309,51.1773,0.308,14.9172,0.1716,37.4942,47.8161,3.0185,0.3181,14.6897,"RBT BFVol, DpthBf_Avg, DpthBf_Max;"
YFI00001-000725,Yankee Fork,PS 3 Control,NA,Adaptive Management-Control,3122,440,Depositional,09/26/2015,2015,Primary Visit,Data Approved,Released to Public,Annual,-,45,Yankee Fork,9512.3228,7185.9503,1,6944.8247,29.8507,0.2231,19.9049,0.1427,12,71.1,1.0785,0.71514,1.74084,0.4454,0.3301,0.1513,0,2.1961,0,3.9126,92.8383,3.0153,9.5534,2222.4795,0.8322,634.0014,3518.7546,1.0403,874.5121,0.6163,1.8726,0.2081,2.0144,0,480.628,0.2723,1.2775,0,95.5,7.5,15,85,8.5,16,84,27,0,0,0,1.1486,1445.6704,0.6242,599.9795,86.9611,14,114,329,12.6897,17.0715,22.5102,25.0126,38.865,13.6122,38.4297,40.2393,0,0,,1,0,0,2108.493,51.9451,0.3215,14.9289,0.18,37.009,29.816,1.3919,0,33.175,
YFI00001-000725,Yankee Fork,PS 3 Control,NA,Mainstem Control,3967,480,Depositional,09/19/2016,2016,Primary Visit,Data Approved,Released to Public,Annual,-,34,Yankee Fork,9748.2119,7265.0598,1,6557.35,28.9392,0.2248,20.436,0.1409,12,36,1.3288,0.69167,1.68286,0.4621,0.382,0.1604,,0,0,0.1488,99.0101,0.9899,1.1387,2723.9725,0.8358,761.1445,3473.8686,1.2536,911.2239,0.6038,3.1341,1.8804,5.8227,3.0107,478.6093,0.4526,1.5997,2,94.5,6.5,21.5,78.5,7.5,25.5,74.5,45,0,0,0,1.1499,1067.2186,0.4179,464.5299,88.3598,40,126,360,10.6524,12.6357,19.3659,29.9272,34.9994,15.7075,2.3333,3.2222,0,2,0.4,1,0,0,2136.8983,55.7227,0.3447,15.1693,0.1693,41.1813,33.0713,8.0684,2.4505,21.8571,"RBT BFVol, DpthBf_Avg, DpthBf_Max;"
YFI00001-000725,Yankee Fork,PS 3 Control,NA,Mainstem Control,4870,480,Depositional,09/06/2017,2017,Primary Visit,Data Approved,Not Released,Annual,Yes,48,Yankee Fork,9623.2378,7891.8934,1,,29.3698,0.2254,20.245,0.1345,11,50,1.3311,,,0.5514,0.3188,0.1853,,4.607,0,1.967,92.8763,3.2292,9.8032,2920.6967,0.8372,964.9609,2353.0374,0.8372,710.213,0.6078,5.0233,1.4651,7.4375,2.4029,477.7761,0.3386,2.4651,0.5,97,5,21.5,78.5,11.5,16.5,83.5,29.5,0,0,0,1.1663,2618.1182,0.6279,1020.2798,84.6651,25,80,309,6.8,14.986,13.3914,24.6845,54.1877,7.7364,2.381,2.8571,3,14,3.49,1,0,0,2695.4534,51.5647,0.3793,16.4927,0.1783,32.3154,30.5611,11.5019,5.2217,29.968,
YFI00001-001129,Yankee Fork,PS 3 Lower (Long),Post,Adaptive Management-Treatment,1227,420,,07/15/2013,2013,Primary Visit,Quality Assurance,In Q/A,Annual,Yes,52,Yankee Fork,3239.7855,2310.8435,1,1442.14547,16.5003,0.7462,6.5616,0.642,25,65,0.7731,0.39481,1.7489,0.7364,0.4793,0.3361,,1.5511,0,6.2299,91.1743,1.6727,9.4537,439.6513,1.6661,127.4309,93.0686,0.7141,19.1188,0.3995,21.8977,9.9968,16.2496,1.6045,420.1358,0.6066,0.1199,0,98.3333,0.5556,11.6667,79.5,10.5556,7.2222,92.7778,10,0,0,0,1.044,1778.1209,3.5703,871.0367,77.2418,0.0389,19,85,4.7368,6.8463,6.768,7.3456,12.4151,73.2589,8.7273,16.9091,0,0,0,1.043,14.7497,0.6383,1017.5866,11.8687,0.508,4.5177,0.3777,29.5506,70.4494,0.4189,0,0,"RBT BFVol, DpthBf_Avg, DpthBf_Max;"
YFI00001-001129,Yankee Fork,PS 3 Lower (Long),Post,Adaptive Management-Treatment,2212,420,,06/28/2014,2014,Primary Visit,Data Approved,Released to Public,Annual,-,40,Yankee Fork,3710.0913,2539.391,1.0316,1480.83219,15.8983,0.8038,6.5392,0.4974,18,44,0.5984,0.39906,1.51001,0.6984,0.3599,0.2869,0.0002,3.8393,0,6.5126,88.9912,1.8956,12.2475,172.8667,0.4768,56.7707,82.4726,0.2384,18.0402,0.4054,23.3637,11.9202,24.2849,1.4099,419.4548,0.5578,0.2869,0,96,0.5,31,69,27,9.5,90.5,17.5,0,0,0,1.0401,2284.9645,3.5761,974.5799,80.489,5,64,224,3.7035,11.9768,4.7411,11.6878,14.9572,68.3865,5.9346,7.9465,3,8,3.11,1.0427,0,0,1049.3908,12.3523,0.5184,4.7975,0.3699,31.5285,68.4715,0.2724,0,0,"RBT BFVol, DpthBf_Avg, DpthBf_Max;"
YFI00001-001129,Yankee Fork,PS 3 Lower (Short),Post,Adaptive Management-Treatment,3129,200,,08/14/2015,2015,Primary Visit,Data Approved,Released to Public,Annual,-,57,Yankee Fork,1344.5553,734.673,1,602.47922,12.8699,0.9693,5.8211,0.5975,9,103.2,0.4228,0.4491,1.2572,0.5311,0.3378,0.2056,0.0001,64.956,0,6.5689,34.2306,0,71.5248,378.5898,2.5288,109.5108,0,0,0,0.1277,17.1961,11.6327,9.7014,5.8274,197.7187,0.3082,0.0321,0,100,0,9,91,13.5,8,92,3.5,0,0,0,1.032,356.0832,2.0231,152.6733,83.2373,0.02,5,53,17.5417,20.6985,1.3367,2.8003,2.9732,92.8898,97.2804,97.2804,0,0,,1,0,0,262.1841,11.1085,0.3072,3.7039,0.1812,29.9324,70.0676,0.1929,0,0,"RBT BFVol, DpthBf_Avg, DpthBf_Max;"
YFI00001-001129,Yankee Fork,PS 3 Lower (Short),Post,Adaptive Management-Treatment,3975,200,,08/22/2016,2016,Primary Visit,Data Approved,Released to Public,Annual,-,58,Yankee Fork,1415.1836,987.3672,1,716.26333,11.9599,0.7756,5.6254,0.4667,7,107.2,0.6151,0.4817,1.31091,0.5939,0.3138,0.2174,,78.1771,0,15.4572,17.9716,0,93.6343,251.2122,1.475,79.4663,0,0,0,0.2031,29.5006,22.6171,20.0004,5.7842,203.3857,0.3414,0.0114,0,99.5,0,17,83,16,8.5,91.5,10,0,0,0,1.0366,736.1553,1.9667,301.3498,79.2095,0.02,0.0401,42,38,38.6369,1.2316,4.6001,2.3217,91.8466,96.1806,96.1806,0,0,,1,0,0,380.8161,12.0517,0.3736,4.3472,0.2148,29.1321,70.8679,0.1759,0,0,"RBT BFVol, DpthBf_Avg, DpthBf_Max;"
YFI00001-001129,Yankee Fork,PS 3 Lower (Short),Post,Adaptive Management-Treatment,4883,200,,07/29/2017,2017,Primary Visit,Data Approved,Not Released,Annual,Yes,56,Yankee Fork,1815.769,1020.7309,1,,10.6264,0.5655,5.8215,0.2646,6,105.4,0.7817,,,0.6397,0.2696,0.2258,,17.7168,0,9.7182,78.7195,4.568,32.003,209.3134,1.0063,64.3165,0,0,0,0.1612,24.6542,19.6227,17.1028,1.0228,198.7491,0.5283,0.1709,0,100,0,23.5,76.5,27,15.5,84.5,12,0,0,0,1.0364,737.3231,2.0126,322.1743,82.9311,0.0419,1,53,23.7917,22.791,0,3.3036,5.9259,90.7705,65.1667,66.8333,0,0,,1,0,0,386.4908,10.2161,0.2872,4.324,0.1691,24.9603,75.0397,0.3635,0,0,
YFI00001-000106,Lightning Creek,Status,NA,Transport,1433,160,Source,09/21/2013,2013,Primary Visit,Data Approved,Released to Public,Rotating Panel 1,-,65,Yankee Fork,1145.7813,789.4611,1,521.6243,18.9054,0.2119,7.1768,0.1619,12,119,1.1668,0.43849,1.0614,0.2139,0.3752,0.0814,,1.9529,0,9.8451,84.0247,7.6376,19.4356,0,0,0,580.062,2.49,60.9921,2.0217,19.2973,4.3575,4.4974,0,160.6443,0.1825,0.1351,3.5,75,44,58,42,26,49,51,106,0,0,0,1.1224,209.3993,4.9799,34.618,49.996,0.1337,47,183,35.2708,26.0573,24.6176,25.9514,17.0814,29.6744,38.7257,47.9028,4,9,4.41,1,0,0,95.6102,32.7736,0.3528,4.8906,0.1899,15.4088,72.0949,0.8811,0.5168,12.4962,"RBT BFVol, DpthBf_Avg, DpthBf_Max;"
YFI00001-000106,Lightning Creek,Status,NA,Transport,3974,160,Source,08/04/2016,2016,Primary Visit,Data Approved,Released to Public,Rotating Panel 1,-,56,Yankee Fork,1295.5487,926.4559,1,660.53398,15.8701,0.237,7.8689,0.1512,16,83.5,0.7636,0.52431,1.43555,0.247,0.3687,0.0898,,1.2624,0,2.9685,91.8115,4.6524,8.8834,214.6077,3.022,38.3678,564.9113,4.2308,74.98,2.006,17.5275,4.8352,7.7021,0.1204,165.454,0.2295,0.1647,3,93,13.5,19,81,12,25.5,74.5,39.5,0,0,0,1.1238,146.9193,2.4176,30.0581,52.0997,9,62,272,15.9848,19.4994,28.4952,21.4458,35.6289,7.5768,2.8889,8.8148,6,14,6.37,1,0,0,143.4059,32.6653,0.3828,5.5867,0.1404,34.7697,65.2303,0.3248,0,0,"RBT BFVol, DpthBf_Avg, DpthBf_Max;"
YFI00001-000174,Jordan creek,Status,NA,Jordan Creek,3147,120,Source,07/09/2015,2015,Primary Visit,Data Approved,Released to Public,Rotating Panel 3,-,29,Yankee Fork,878.3915,517.0214,1,239.58186,31.0151,0.5845,6.9305,0.3974,16,69.9,0.4268,0.24507,0.8877,0.2066,0.427,0.0936,0.0004,3.1589,0,3.148,91.8829,4.2651,10.572,65.5244,1.6725,8.82,271.7781,4.1812,28.523,1.8043,22.5785,15.8886,15.1105,0.169,119.5827,0.1921,0.0819,1,94,13.5,14.5,85.5,10.5,16.5,83.5,26.5,0,0,0,1.3286,179.8556,7.5262,29.6332,53.9045,18,35,58,4.6,4.2544,1.9542,18.109,48.8883,30.6538,42.148,44.8899,4,9,4.49,1,0,0,66.9762,32.1814,0.5408,3.9488,0.3715,25.6035,62.8593,2.9602,0.2256,11.5372,"RBT BFVol, DpthBf_Avg, DpthBf_Max;"
YFI00001-000175,Yankee Fork,Status,NA,Depositional,3148,320,Depositional,06/24/2015,2015,Primary Visit,Data Approved,Released to Public,Annual,-,24,Yankee Fork,5717.7236,4101.3305,1,2941.27375,33.5172,0.3152,17.0673,0.1948,14,30.4,0.7679,0.49917,1.58813,0.4054,0.3937,0.1442,0.0002,0.4823,0,3.0409,95.0074,1.7885,5.3117,2076.3918,1.2122,492.5194,1224.8525,0.6061,238.5116,0.689,33.9426,19.3958,26.7179,6.0827,329.9685,0.4217,1.4592,0,98.5,2.5,11,89,8.5,8.5,91.5,12.5,0,0,0,1.1011,799.5523,2.4245,263.9692,79.6967,21,48,94,3.0323,7.6746,1.4432,45.4709,46.3722,6.7137,6.3951,8.2469,6,21,6.83,1,0,0,995.0166,47.7846,0.372,12.4123,0.2312,47.3363,42.4301,22.4276,8.099,10.2335,"RBT BFVol, DpthBf_Avg, DpthBf_Max;"
YFI00001-000213,Yankee Fork,Status,NA,Adaptive Management-Control,1224,440,Depositional,10/13/2013,2013,Primary Visit,Data Approved,Released to Public,Annual,Yes,48,Yankee Fork,9263.6133,6878.581,1.0656,10694.96125,24.5808,0.2737,20.9536,0.1894,12,37,1.5867,1.10401,2.46545,0.5431,0.4188,0.218,,0,0,2.3143,95.2607,4.7393,7.0536,3338.8681,0.6624,897.1876,1838.591,1.3249,422.5421,0.4654,7.7285,2.429,2.6097,0.4021,452.8697,0.6488,2.4522,0,97,1.6,11.9,88.1,11.3,13.3,86.7,16.9,0,0,0,1.1898,1701.1212,0.6624,832.8852,83.928,10,65,131,7.8936,14.9597,10.7619,27.5765,49.7481,11.9135,5.4444,11.2222,1,5,1.14,1.1063,244.0928,3.5486,2152.6153,45.8494,0.3649,14.5896,0.1658,46.2022,52.506,18.4935,0,1.2918,"RBT BFVol, DpthBf_Avg, DpthBf_Max;"
YFI00001-000214,W.F.Y.F.,Status,NA,Source,1432,120,Source,09/19/2013,2013,Primary Visit,Data Approved,Released to Public,Rotating Panel 1,-,32,Yankee Fork,494.7259,399.8336,1,219.85627,14.6559,0.254,4.2345,0.1716,11,50,0.8841,0.39863,1.01318,0.2741,0.413,0.1145,,4.6852,0,9.0235,84.0851,6.7284,20.4371,6.2805,0.8369,1.0866,352.7672,5.0215,56.2335,5.8999,56.9098,38.4978,28.4597,0.1714,119.4873,0.1385,0.1816,12.5,81,19,20,80,11.5,20.5,79.5,48,0,0,0,1.1725,40.7859,3.3476,10.4642,58.8393,30,69,230,1.7619,3.3482,18.3811,30.6832,36.3017,8.8258,0.8,3.2,8,25,8.53,1,0,0,67.7842,20.9589,0.3896,3.3991,0.206,46.5529,44.7231,16.539,11.715,8.724,
YFI00001-000218,W.F.Y.F.,Status,NA,Transport,2209,240,Transport,09/06/2014,2014,Primary Visit,Data Approved,Released to Public,Rotating Panel 2,-,40,Yankee Fork,2591.1335,1897.5705,1,1219.36906,28.004,0.4384,9.7574,0.2546,13,43.1,0.3906,0.42074,1.56836,0.3953,0.4715,0.1714,0.0001,3.8627,0,6.5115,90.8499,5.2494,15.6236,13.699,0.3687,3.1154,1072.2768,1.8435,158.0694,0.9654,22.4902,15.8538,15.2307,0.0373,271.2287,0.5443,0.3975,2.5,93,14.5,28.5,71.5,23,28.5,71.5,41,0,0,0,1.362,811.5811,2.5808,263.5625,79.5117,0.0286,31,77,9.6667,13.1865,5.4207,25.463,35.9237,33.1927,73.2381,75.5238,74,147,74.23,1,0,0,424.7473,33.1781,0.8171,6.8609,0.2645,3.3612,72.5176,8.8478,4.0544,24.1212,"RBT BFVol, DpthBf_Avg, DpthBf_Max;"
YFI00001-000218,W.F.Y.F.,Status,NA,Transport,4880,240,Transport,08/12/2017,2017,Primary Visit,Quality Assurance,In Q/A,Rotating Panel 2,-,28,Yankee Fork,4314.2335,2640.1415,1.5766,,31.122,0.5076,10.9275,0.359,14,107,0.3237,,,0.4145,0.3978,0.1594,,0,0,7.086,84.0433,9.463,16.5489,891.07,1.1347,206.9987,727.7966,1.5129,116.3788,1.2477,31.0151,19.6681,20.2489,0.4271,264.3876,0.3001,0.8085,19.5,69,60.5,81.5,18.5,39.5,47,53,120,587,1,29,1.3484,433.3399,2.6476,156.9363,77.9001,19,49,143,4.9868,13.9662,7.7501,26.8541,57.0672,8.3286,5.4667,8.8061,43,90,43.76,1.5797,0,22.2666,568.0525,36.3519,0.5824,7.7578,0.2314,16.3301,68.2355,0.6271,0.194,15.4345,"RBT BFVol, DpthBf_Avg, DpthBf_Max;"
YFI00001-000231,Yankee Fork,Status,NA,Depositional,2208,360,Depositional,06/30/2014,2014,Primary Visit,Data Approved,Released to Public,Rotating Panel 2,-,22,Yankee Fork,7557.122,4608.2749,1.5012,4673.18219,26.3265,0.3704,16.822,0.2525,14,21.3,0.6867,0.61598,2.00293,0.4565,0.4785,0.1852,0.0001,0,0,2.2559,94.9072,2.8369,5.0928,2581.5725,0.9843,671.2635,604.7237,0.9843,120.5426,0.4767,30.2668,14.0261,32.4945,10.3844,406.3853,0.4433,2.8245,3,95.5,6,62,38,37,44,56,73.5,202,0,4,1.3457,1423.9061,1.4764,549.8434,83.5137,26,56,91,0.7287,1.6704,2.2544,51.2123,42.9349,2.8323,0.2,1,37,79,37.91,1,0,4.2094,1341.6495,38.7992,0.4525,11.1981,0.1915,55.7105,40.3868,2.0594,0,3.9027,
YFI00001-000231,Yankee Fork,Status,NA,Depositional,4879,360,Depositional,09/07/2017,2017,Primary Visit,Data Approved,Not Released,Rotating Panel 2,-,28,Yankee Fork,5578.3984,4023.5153,1,,22.7241,0.3494,13.4161,0.2276,11,30,0.7529,,,0.5082,0.5328,0.221,,,,,,,,2468.4719,1.218,620.1162,362.9626,0.4872,69.1665,0.4906,,,21.7334,7.628,410.5156,0.7389,0.9692,2.5,96.5,6,30.5,69.5,16,31,69,49,0,0,,1.3456,1192.0808,0.9744,590.1879,82.34,17,46,77,4.5,10.504,,,,,7.5556,8.6667,0,0,30.8,1,0,0,1279.4705,36.3079,0.462,9.7489,0.191,18.317,70.9221,0.3224,0.0204,10.761,"RBT BFVol, DpthBf_Avg, DpthBf_Max;"
YFI00001-000320,Yankee Fork,Status,NA,Transport,2206,200,Transport,09/05/2014,2014,Primary Visit,Data Approved,Released to Public,Rotating Panel 2,-,39,Yankee Fork,1460.1003,1215.2556,1,811.69844,20.8151,0.3009,10.8022,0.2042,10,29.4,0.549,0.54934,1.39429,0.3366,0.3654,0.1118,0.0003,3.8252,0,7.5815,89.0462,5,16.884,0,0,0,780.544,2.9759,148.9197,1.8833,31.9913,23.8075,11.8517,0,134.4115,0.226,0.5009,11,82.5,25,20,80,18,28.5,71.5,48,0,0,0,1.0868,434.7116,4.4639,113.6809,62.523,19,52,286,3.8636,6.7774,19.3325,31.0457,44.8124,4.8094,0.4,2.4,27,39,27.36,1,0,0,262.6006,45.2681,0.5439,8.9617,0.2252,49.799,39.3137,0.0422,0,10.8873,"RBT BFVol, DpthBf_Avg, DpthBf_Max;"
YFI00001-000320,Yankee Fork,Status,NA,Transport,4877,200,Transport,07/12/2017,2017,Primary Visit,Quality Assurance,In Q/A,Rotating Panel 2,-,25,Yankee Fork,1639.1466,1354.3192,1.1696,,18.8065,0.2017,11.762,0.1393,7,34,0.5862,,,0.4676,0.3345,0.141,,4.7304,0,7.4349,89.2477,5.7988,17.9642,219.0171,1.5003,60.3747,1004.6988,2.2505,323.985,1.9323,41.2588,23.255,29.5775,8.7043,133.3049,0.2227,1.725,11.5,80.5,31.5,19.5,80.5,10,25,75,54,8,0,2,1.0934,121.698,1.5003,43.1376,54.1628,30,89,295,4.8333,8.6056,33.3238,28.1881,38.1622,0.3259,0,0.5,30,50,30.66,1,0,0.6575,427.4974,32.4345,0.359,9.9889,0.1666,16.3058,74.3668,0.0393,0,9.3274,"RBT BFVol, DpthBf_Avg, DpthBf_Max;"
YFI00001-000362,Lightning Creek,Status,NA,Transport,3145,160,Source,07/24/2015,2015,Primary Visit,Data Approved,Released to Public,Rotating Panel 3,-,45,Yankee Fork,1447.7714,1042.1675,1,708.54539,19.1433,0.2213,8.4887,0.1905,11,86,0.8867,0.47392,0.9729,0.245,0.2496,0.0786,0.001,0,0,4.7869,87.3455,8.0965,12.8834,47.0919,0.5877,8.4144,835.0766,2.9383,140.444,2.9279,24.6819,5.8766,4.2743,0,170.1651,0.1313,0.2432,2,87,21.5,63.5,36.5,34.5,33.5,66.5,75.5,0,0,0,1.2128,160.3258,2.9383,33.6261,49.5503,0.5794,55,291,16.3707,22.339,20.2799,26.3803,26.6108,26.6812,12.4444,20.8889,5,14,5.21,1,0,0,182.4844,42.2177,0.5083,6.0795,0.2532,48.7037,46.3397,0.3405,0,4.9567,
YFI00001-000436,McKay Creek,Status,NA,Source,2205,120,Source,08/24/2014,2014,Primary Visit,Data Approved,Released to Public,Rotating Panel 2,-,32,Yankee Fork,582.8172,359.3232,1,144.29595,19.0141,0.5259,4.8107,0.3809,14,26.9,0.2684,0.26467,0.68579,0.1839,0.3107,0.0666,0.0003,0,0,0.1803,94.41,5.59,5.7703,67.7026,2.4248,8.9534,219.8422,4.8496,22.3924,1.6626,0.8083,0.8083,0.0079,0,123.7225,0.1621,0.0792,0,100,0.5,21.5,78.5,17.5,21.5,78.5,25.5,0,0,0,1.272,71.8295,4.0413,11.6073,94.7293,8,39,80,11.5714,19.3743,4.8386,32.9691,58.7553,3.4369,0.6667,1.0146,13,52,13.26,1,0,0,42.9531,23.9507,0.4342,2.8822,0.2258,,,0.151,0.151,,"RBT BFVol, DpthBf_Avg, DpthBf_Max;"
YFI00001-000436,McKay Creek,Status,NA,Source,4876,120,Source,07/15/2017,2017,Primary Visit,Data Approved,Not Released,Rotating Panel 2,-,21,Yankee Fork,700.4003,436.8291,1,,20.3735,0.5604,6.117,0.5122,15,39,0.2992,,,0.2741,0.2398,0.0842,,1.5081,0,0,89.6635,9.5028,11.011,103.6897,2.4503,18.5386,167.7498,4.9005,24.1376,1.6883,,,0,0,122.4362,0.1233,0.2461,0,100,1.5,90,10,45.5,21.5,78.5,66,0,0,0,1.2977,165.3887,4.9005,36.5284,93.3989,22,55,107,4.6364,9.099,2.8968,31.3866,53.5918,12.1247,3.1111,5.4074,2,9,2.74,1,0,0,79.2047,20.1846,0.4915,3.5466,0.2273,19.0288,10.4755,11.6114,8.9577,70.0199,"RBT BFVol, DpthBf_Avg, DpthBf_Max;"
YFI00001-000482,W.F.Y.F.,Status,NA,Transport,1428,200,Transport,09/18/2013,2013,Primary Visit,Data Approved,Released to Public,Rotating Panel 1,-,36,Yankee Fork,1682.8336,1228.4601,1,826.4482,22.1349,0.2863,8.6426,0.1276,8,62,1.4074,0.46641,1.02124,0.2883,0.3238,0.1176,,4.2386,0,5.9605,87.0955,7.0226,17.2216,201.1488,0.5106,37.1041,827.8981,2.0424,116.6245,0.9768,14.8076,6.6379,11.3901,3.4967,195.8453,0.2293,0.3408,4.5,90.5,18.5,59.5,40.5,27.5,32.5,67.5,74,0,0,0,1.1615,199.2227,1.5318,53.3248,68.0116,0.02,35,130,5.8594,3.9416,9.6205,25.2125,26.6943,36.9594,70.3333,70.6667,25,61,25.29,1,0,0,207.0534,29.9949,0.3582,6.2149,0.25,21.3022,5.9224,15.6689,11.107,72.7754,"RBT BFVol, DpthBf_Avg, DpthBf_Max;"
YFI00001-000482,W.F.Y.F.,Status,NA,Transport,3969,200,Transport,08/05/2016,2016,Primary Visit,Data Approved,Released to Public,Rotating Panel 1,-,38,Yankee Fork,1740.5058,1251.0404,1,972.89492,19.7068,0.237,9.0745,0.1097,11,54.8,0.6176,0.52595,1.27222,0.3262,0.342,0.117,,2.3756,0,5.0109,89.0745,6.0488,13.4353,462.1235,2.0565,100.502,613.7426,2.0565,112.6615,1.0025,20.5653,10.2826,9.9841,2.9334,194.5024,0.2553,0.4878,2.5,96.5,8,44,56,28,34.5,65.5,54,0,0,0,1.1676,175.1446,1.5424,60.5431,64.9748,5,55,228,14.8889,22.7716,9.3794,29.1032,48.7685,12.047,8.8571,11.2381,55,93,55.9,1,0,0,273.7065,30.949,0.3664,6.3969,0.1973,29.6358,52.1138,11.5391,3.9236,18.2504,"RBT BFVol, DpthBf_Avg, DpthBf_Max;"
YFI00001-000608,Tenmile Creek,Status,NA,Source,3144,120,Transport,07/26/2015,2015,Primary Visit,Data Approved,Released to Public,Rotating Panel 3,-,22,Yankee Fork,405.3273,332.8267,1,129.78393,12.3749,0.3195,3.6182,0.177,17,26.1,0.4766,0.31781,0.75928,0.1943,0.4221,0.099,0.0001,0.7371,0,5.3768,91.7962,6.2758,12.3896,56.261,2.67,6.8399,231.9753,7.1201,31.9167,4.7525,36.4907,26.7005,7.2633,0.5688,112.3575,0.1369,0.0399,2.5,93,13,11.5,88.5,7,8.5,91.5,20,0,0,0,1.0827,44.6184,5.3401,9.4013,32.3606,9,41,126,10.3636,18.97,29.7961,18.9668,50.1267,1.1104,1.3948,1.8983,15,39,15.32,1,0,0,48.158,17.8391,0.4268,2.9509,0.1916,32.0881,51.3874,9.7533,3.4304,16.5245,"RBT BFVol, DpthBf_Avg, DpthBf_Max;"
YFI00001-000643,W.F.Y.F.,Status,NA,Depositional,3355,280,Depositional,09/10/2015,2015,Primary Visit,Data Approved,Released to Public,Rotating Panel 3,-,32,Yankee Fork,3888.8727,3038.5209,1,2162.00109,25.6734,0.1684,13.7205,0.1179,7,71.1,0.7324,0.55291,1.17468,0.3163,0.2482,0.0973,0.0001,0.0828,0,4.218,92.0126,5.042,9.3428,776.8549,0.3534,169.9098,2026.6013,1.4136,396.9918,0.7858,12.0157,7.0681,12.1796,4.4838,282.9626,0.244,0.5176,3,90.5,9,26.5,73.5,17,23.5,76.5,42.5,0,0,0,1.6003,235.0647,0.7068,67.7115,63.2209,2,35,126,10.6087,16.9913,21.3361,25.6871,39.9365,10.6444,4,5.7778,3,7,3.57,1,0,0,634.613,46.4255,0.259,10.6457,0.1269,19.0256,4.0275,8.1779,5.8631,76.9469,"RBT BFVol, DpthBf_Avg, DpthBf_Max;"
YFI00001-000654,W.F.Y.F.,Status,NA,Lower WF Yankee Fork,4237,200,Depositional,09/02/2016,2016,Primary Visit,Data Approved,Released to Public,Rotating Panel 1,-,42,Yankee Fork,3290.6569,2496.3166,1.1723,1574.35672,29.8328,0.2215,12.9778,0.1451,13,66.8,0.561,0.46699,1.38147,0.3451,0.4105,0.129,,0.1255,0,4.1714,95.2519,3.4737,7.7705,801.3573,1.6144,130.9479,1310.3698,2.018,225.4847,0.9135,18.1616,11.7041,11.2872,3.3004,247.776,0.4268,0.7157,4,89,14.5,24,76,15.5,25.5,74.5,45,0,0,0,1.8648,384.5895,1.6144,127.0918,66.8066,10,59,215,7.0417,12.0472,14.0982,23.6577,41.5725,20.6716,13.4167,16.3333,4,13,4.51,1.2034,243.551,9.7564,483.5244,44.9754,0.3535,9.2348,0.2114,6.805,3.2466,13.8487,10.6814,89.9485,"RBT BFVol, DpthBf_Avg, DpthBf_Max;"
YFI00001-000727,Eightmile Creek,Status,NA,Transport,2199,160,Transport,08/25/2014,2014,Primary Visit,Data Approved,Released to Public,Rotating Panel 2,-,36,Yankee Fork,1974.2898,1137.833,1.1614,681.45344,32.6389,0.3672,9.7662,0.2089,14,32.9,0.3087,0.30174,0.98755,0.2161,0.464,0.088,0.0003,0.0369,0,4.6562,92.4994,3.7319,8.425,487.5544,1.0522,54.5355,391.5384,2.1045,39.3493,1.2546,49.9812,34.7238,13.7194,0.7697,190.0716,0.322,0.1295,6,90.5,16,23,77,19.5,30,70,43,46,0,10,1.2089,258.7707,4.2089,50.4839,81.2465,24,47,82,1.2143,2.1492,0,19.4792,77.2116,3.3092,4.8631,7.9518,19,42,19.85,1,0,3.8904,144.3687,46.9668,0.4941,5.921,0.2269,51.5317,0,5.9853,2.9852,48.4683,"RBT BFVol, DpthBf_Avg, DpthBf_Max;"
YFI00001-000727,Eightmile Creek,Status,NA,Transport,4871,160,Transport,07/11/2017,2017,Primary Visit,Quality Assurance,In Q/A,Rotating Panel 2,-,24,Yankee Fork,2620.7992,1461.2549,1.1389,,30.7993,0.3952,12.6644,0.2633,17,29.9,0.4005,,,0.4566,0.4175,0.1835,,1.3921,0,8.8533,89.3146,2.893,13.1384,508.6023,2.6514,108.8651,480.9913,2.1211,99.412,1.2831,40.8312,30.2257,15.7363,4.2338,188.5813,0.3623,0.8655,2,95,12,42.5,57.5,35,22.5,77.5,35,112,0,3,1.2391,471.6563,4.2422,180.0238,,13,39,85,2.3,9.2816,0,34.4065,54.2469,11.3466,4.7222,5.6111,64,100,64.66,1,0,7.1555,388.3165,30.7926,0.4252,7.6518,0.2487,25.4426,0,13.4142,9.8656,74.5574,"RBT BFVol, DpthBf_Avg, DpthBf_Max;"
YFI00001-000828,Eightmile Creek,Status,NA,Source,1549,120,Source,09/06/2013,2013,Primary Visit,Data Approved,Released to Public,Rotating Panel 1,-,32,Yankee Fork,557.5913,295.0618,1,163.86797,13.8424,0.3421,4.533,0.2343,11,57,0.7229,0.29956,0.68506,0.1287,0.3504,0.0497,,7.403,0,5.5875,84.0574,11.7706,24.7612,45.4657,2.4836,4.881,212.7255,3.3114,15.5811,2.5427,22.3521,4.1393,4.4629,0.5168,120.7939,0.1078,0.0224,7.5,82,40,43.5,56.5,10.5,32.5,67.5,83.5,0,0,0,1.3172,36.8718,3.3114,4.2831,40.0329,22,54,120,3.0811,4.6971,27.2648,25.1742,36.3438,9.2402,1.4286,4.1905,6,22,6.45,1,0,0,24.7452,29.5886,0.3774,2.4351,0.286,22.1113,0,13.2016,8.8089,77.8887,
YFI00001-000836,Fivemile,Status,NA,Source,1217,120,Source,09/07/2013,2013,Primary Visit,Data Approved,Not Released,Rotating Panel 1,-,48,Yankee Fork,363.1818,207.5989,1,88.92232,17.4415,0.379,3.2174,0.3119,16,172,0.4174,0.21206,0.71387,0.09,0.6397,0.0502,,12.9848,0,14.4197,69.6841,13.0368,40.4412,6.9771,0.8518,0.2954,150.5307,6.8144,6.4292,4.4286,49.4048,22.147,27.2735,0.3387,117.3976,0.1209,0.0065,22,72.5,52,42,58,16,31.5,68.5,85,0,0,0,1.2354,50.0704,5.9626,4.3628,31.0562,4,40,118,15.0571,11.4319,10.9125,25.826,33.4829,29.7786,6.1905,13.9048,15,43,15.24,1,0,0,11.0874,26.9823,0.6142,1.7946,0.4137,26.7418,34.595,3.6131,3.4356,38.6632,"RBT BFVol, DpthBf_Avg, DpthBf_Max;"
YFI00001-000841,Yankee Fork,Status,NA,Depositional,2192,320,Depositional,10/05/2014,2014,Primary Visit,Data Approved,Released to Public,Rotating Panel 2,-,55,Yankee Fork,5219.3465,3770.8775,1,5578.55438,15.4932,0.1239,16.421,0.0776,7,75.5,1.4632,1.06491,1.97351,0.7062,0.2157,0.2138,0.0003,0,0,0.7717,99.2283,0.7717,1.5434,615.7862,0.6268,334.4438,2573.0757,1.2537,1197.6174,1.0156,2.5073,1.5671,1.8112,0.187,319.0647,0.7413,1.8245,8.5,88,13.5,14,86,11,23.5,76.5,38.5,0,0,0,1.1207,582.0155,0.3134,350.6509,65.6369,0.0315,36,388,13.0833,17.0585,64.4613,9.6248,8.682,17.2319,41.5556,43.3333,0,0,,1,0,0,1882.7122,24.4954,0.243,11.8216,0.0828,3.4979,74.3427,3.2603,1.6041,22.1594,"RBT BFVol, DpthBf_Avg, DpthBf_Max;"
YFI00001-000841,Yankee Fork,Status,NA,Depositional,4868,320,Depositional,09/25/2017,2017,Primary Visit,Data Approved,Not Released,Rotating Panel 2,-,42,Yankee Fork,5118.9011,3910.743,1,,14.4797,0.1352,16.2507,0.0915,9,60,1.5551,,,0.7855,0.1856,0.2183,,0,0,1.0955,97.6105,1.2941,2.3895,2178.6951,1.2721,1295.1418,1579.4232,1.2721,842.0919,1.0771,8.2686,1.9081,8.2217,4.0323,314.4415,0.2336,3.0043,11,88,18.5,21,79,15.5,21,79,38.5,0,0,0,1.1273,152.6247,0.318,105.6178,65.2307,13,182,341,7.96,16.8436,41.0521,21.5053,25.9345,11.508,2.6667,6.2667,1,2,1.13,1,0,0,2242.8517,22.4601,0.2343,12.407,0.0998,3.0365,79.9511,2.3195,0.053,17.0124,
YFI00001-000950,Cabin Creek,Status,NA,Transport,3139,160,Transport,07/23/2015,2015,Primary Visit,Data Approved,Released to Public,Rotating Panel 3,-,22,Yankee Fork,1018.1286,726.6157,1,430.17613,21.3722,0.4523,6.205,0.2886,18,42.1,1.0349,0.38837,1.28296,0.2281,0.4301,0.0954,0.0003,0.2914,0,5.6616,92.4844,1.635,7.588,215.4361,2.4647,26.792,378.8394,4.3133,47.9574,3.167,67.7803,33.274,26.1219,3.3092,162.2891,0.194,0.091,5.5,87.5,18.5,20,80,14,10,90,28.5,0,0,0,1.0808,132.6708,4.3133,29.7409,33.0494,17,52,190,2.8485,5.7111,22.2116,27.5987,45.7105,1.8412,2.9091,4.3712,8,19,8.65,1,0,0,104.4903,34.9555,0.5464,4.4809,0.2168,54.4508,45.5492,3.0897,0,0,"RBT BFVol, DpthBf_Avg, DpthBf_Max;"
YFI00001-001078,Yankee Fork,Status,NA,Depositional,3146,280,Depositional,06/26/2015,2015,Primary Visit,Data Approved,Released to Public,Rotating Panel 3,-,24,Yankee Fork,2992.0414,2375.9473,1,1473.87891,22.9906,0.2827,10.0827,0.2141,14,22,0.6358,0.44592,1.46191,0.3607,0.2772,0.1166,0.0005,1.4482,0,4.9761,94.4885,2.6073,9.0316,762.3912,1.3656,191.9891,1220.9291,1.7069,233.516,0.9717,21.1661,12.29,18.3771,5.229,292.9211,0.3755,0.8982,0,97,6,7,93,4,5.5,94.5,11.5,0,0,0,1.4192,392.612,1.7069,129.4123,62.4874,12,47,97,6.8571,12.192,3.9705,42.9905,45.7737,0.7601,4.087,6.2828,36,76,36.41,1,0,0,554.9173,34.6883,0.445,8.0832,0.2663,15.2553,75.3915,0.1279,0,9.3532,"RBT BFVol, DpthBf_Avg, DpthBf_Max;"
YFI00001-001138,Eightmile Creek,Status,NA,Transport,3592,160,Transport,09/28/2015,2015,Primary Visit,Data Approved,Released to Public,Rotating Panel 3,-,28,Yankee Fork,1322.5344,834.3727,1,538.73293,23.8141,0.4112,8.0121,0.2641,10,33.4,0.6169,0.38244,1.71997,0.2885,0.9039,0.2083,0.0001,43.9011,0,4.9018,54.2761,0,48.8029,223.1179,1.2428,24.8019,288.641,2.4857,29.5554,1.0589,6.2141,6.2141,3.6131,0.1244,160.9234,0.627,0.1061,0.5,93.5,22.5,24.5,75.5,8,21.5,78.5,44.5,0,0,0,1.0641,322.5835,2.4857,107.7033,76.4347,34,59,102,2.15,2.9936,1.1641,37.5188,44.3815,13.0541,0.1876,0.1876,0,0,,1,0,0,162.0605,34.9124,0.4991,5.1506,0.2634,27.966,49.7183,19.6905,9.4406,19.7938,"RBT BFVol, DpthBf_Avg, DpthBf_Max;"
YFI00001-001288,Lightning Creek,Status,NA,Source,2201,160,Transport,09/08/2014,2014,Primary Visit,Data Approved,Released to Public,Rotating Panel 2,-,64,Yankee Fork,1147.2246,718.9179,1,549.10492,15.2121,0.2895,7.3793,0.1715,15,90.3,0.9666,0.47967,1.05884,0.2728,0.3171,0.0907,0.0003,0,0,2.7277,94.9464,4.3393,7.067,25.1461,0.6468,4.6454,534.4371,4.5275,89.3743,3.7021,41.3939,9.7017,12.7286,0.4086,154.6121,0.1565,0.1171,7,89.5,17,22,78,18.5,24.5,75.5,38.5,0,0,0,1.1133,159.3003,4.5275,36.3171,62.8085,0.0243,35,223,11.68,20.7218,29.3355,18.5393,23.7849,26.0307,75.5747,77.1921,2,6,2.61,1,0,0,130.3367,26.0704,0.3218,4.621,0.1586,13.7202,41.1409,12.1291,8.6871,30.9901,
YFI00001-001288,Lightning Creek,Status,NA,Source,4874,160,Transport,08/11/2017,2017,Primary Visit,Data Approved,Not Released,Rotating Panel 2,-,60,Yankee Fork,1139.5155,909.5094,1,,15.9082,0.3335,7.5002,0.2353,11,60,0.7768,,,0.3471,0.2724,0.1116,,2.8528,0,5.9671,81.3646,10.9364,19.7562,27.6425,0.6612,4.5219,727.8219,3.3059,161.148,3.7129,21.158,9.9178,3.933,0.9681,151.2431,0.1503,0.28,7.5,77.5,41,69,31,45,54,46,100.5,0,0,0,1.1148,154.8696,3.3059,45.4137,60.7527,23,72,213,2.5319,6.0502,33.7532,29.4559,26.6922,5.5223,2.3333,5.8889,1,5,1.64,1,0,0,211.0836,26.4508,0.4944,5.9895,0.2544,,,0.4486,0.0204,,"RBT BFVol, DpthBf_Avg, DpthBf_Max;"
YFI00001-001408,Jordan creek,Status,NA,Jordan Creek,3141,160,Source,06/27/2015,2015,Primary Visit,Data Approved,Released to Public,Rotating Panel 3,-,37,Yankee Fork,946.643,755.6435,1,364.50969,15.9865,0.2427,6.322,0.2136,12,81,0.5018,0.39074,0.84741,0.2883,0.2198,0.087,0.0004,0,0,0,99.7884,0.2116,0.2116,115.281,1.3378,21.8395,569.7176,4.0135,111.7427,3.3117,2.0068,2.0068,0.1279,0,149.4954,0.1304,0.2382,0,99.5,2,24,76,19,7.5,92.5,13,0,0,0,1.0247,70.6798,2.6757,18.3451,77.7565,26,95,360,2.1768,2.1975,30.0765,30.2474,34.5139,5.1622,1.3333,3.7778,0,0,,1,0,0,151.9273,24.2809,0.4161,5.0406,0.249,28.6055,52.2675,0.8346,0.1422,19.127,"RBT BFVol, DpthBf_Avg, DpthBf_Max;"
YFI00001-001411,W.F.Y.F.,Status,NA,Depositional,2200,280,Depositional,09/07/2014,2014,Primary Visit,Data Approved,Released to Public,Rotating Panel 2,-,40,Yankee Fork,3438.0858,2496.8738,1.2242,1364.22156,35.3041,0.4161,11.4952,0.3088,9,50.8,0.3579,0.34697,2.84949,0.3012,0.37,0.1041,0.0001,4.0649,0,5.8221,92.8488,4.9622,14.8492,716.3416,0.3558,108.2189,1273.5207,1.0675,200.4846,0.8364,37.362,21.7056,33.4762,4.3092,281.0341,0.3516,0.4403,9.5,86,25.5,29,71,23,26,74,46,64,0,4,1.2713,507.0113,1.7791,130.4702,64.2663,0.02,11,69,13.0556,14.3218,1.0135,24.3255,29.6173,45.0437,67.8889,69.2222,42,95,42.78,1,0,2.5219,439.1738,52.6839,0.5161,8.8731,0.2521,45.9672,33.5216,0.8767,0.2636,20.5112,"RBT BFVol, DpthBf_Avg, DpthBf_Max;"
YFI00001-001411,W.F.Y.F.,Status,NA,Depositional,4873,280,Depositional,08/10/2017,2017,Primary Visit,Data Approved,Not Released,Rotating Panel 2,-,33,Yankee Fork,5417.4141,3035.1006,1.4286,,43.3761,0.491,17.1412,0.346,15,97,0.3188,,,0.4313,0.3786,0.1543,,0,0,9.5641,85.7947,6.8697,16.4338,416.4228,0.6998,123.7774,1248.6676,1.0497,231.4719,0.8231,41.2897,21.3447,24.7049,3.2932,285.7857,0.2208,0.8322,5.5,61,49.5,63,37,53,53.5,46.5,102.5,429,0,5,1.2913,940.5812,3.4991,328.9235,67.5657,13,33,77,5.0341,8.67,0,23.9872,59.4082,16.6047,2.6111,8.9444,29,62,29.09,1.7942,0,14.1488,747.3818,37.5454,0.4889,8.9226,0.2778,43.2082,49.4124,0.3451,0.0811,7.3795,"RBT BFVol, DpthBf_Avg, DpthBf_Max;"
YFI00001-001512,Yankee Fork,Status,NA,Transport,1419,280,Depositional,08/26/2013,2013,Primary Visit,Quality Assurance,In Q/A,Rotating Panel 1,-,28,Yankee Fork,4413.0598,3171.5064,1,1693.13188,46.1502,0.3754,16.7081,0.2066,10,27,0.5513,0.38751,1.44287,0.2786,0.5369,0.13,,9.6559,0,4.2608,85.8585,2.3955,16.3122,893.417,0.3637,128.71,1531.1234,1.091,173.6035,0.4995,26.1832,18.9101,33.5943,5.3596,274.9851,0.2606,0.5902,1.5,89,16,42.5,57.5,21,23.5,76.5,56,0,0,0,1.0642,746.7257,2.1819,207.6558,69.6492,28,46,82,5.4167,5.292,6.3563,41.201,37.6675,14.7752,0.7778,2.6667,28,63,28.6,1,0,0,509.9715,75.7723,0.5193,11.3223,0.2394,42.3052,51.9487,3.3348,0.2921,5.7461,
YFI00001-001512,Yankee Fork,Status,NA,Transport,3960,278,Depositional,07/25/2016,2016,Primary Visit,Data Approved,Released to Public,Rotating Panel 1,-,24,Yankee Fork,4435.9709,3515.482,1,2057.93141,33.4407,0.2763,14.9274,0.1605,11,36.2,0.4292,0.45151,1.43115,0.3437,0.425,0.1299,,1.7056,0,8.1934,87.3435,4.4708,14.6658,1676.6965,1.1097,346.4133,1053.9176,1.1097,148.6256,0.5319,32.9221,26.2637,24.9576,11.3814,270.3348,0.3594,0.9239,3,88,23.5,29,71,19.5,23.5,76.5,45,0,0,0,1.0672,784.8273,1.8496,225.7521,71.0418,15,43,75,10.1739,17.732,5.512,27.0743,44.3416,23.0721,2,3.2381,36,97,36.11,1,0,0,720.791,57.9294,0.4031,12.3239,0.1952,28.1723,48.2811,19.6456,12.6876,23.5466,"RBT BFVol, DpthBf_Avg, DpthBf_Max;"
YFI00001-001524,Yankee Fork,Status,NA,Depositional,1418,280,Depositional,09/17/2013,2013,Primary Visit,Data Approved,Released to Public,Rotating Panel 1,-,20,Yankee Fork,3662.4134,2437.935,1,1925.49344,32.1315,0.3711,12.8865,0.2557,11,21,0.6763,0.47065,1.88843,0.3944,0.4794,0.1739,,0,0,11.4171,88.5829,4.0401,15.4572,987.6343,1.4064,200.6053,824.0629,0.7032,113.8296,0.5186,26.7208,18.9858,34.6763,16.2663,284.4227,0.4758,0.5935,3.1,90.9,15.5,44.5,55.5,21,32.2,67.8,64.8,0,0,0,1.185,634.171,1.7579,237.0803,76.8079,21,49,83,3.3281,2.6046,5.1219,24.3961,52.4411,18.0408,1.6667,4.3333,4,7,4.26,1,0,0,551.5152,42.3154,0.5553,8.5276,0.2354,47.6952,29.9797,20.6552,6.9993,22.3251,"RBT BFVol, DpthBf_Avg, DpthBf_Max;"
YFI00001-001524,Yankee Fork,Status,NA,Depositional,3959,296,Depositional,07/24/2016,2016,Primary Visit,Data Approved,Released to Public,Rotating Panel 1,-,22,Yankee Fork,4784.554,2717.5152,1,2449.65484,34.5233,0.4026,17.0177,0.2134,9,37,0.6925,0.5168,1.90308,0.4496,0.4828,0.2056,,0,0,5.9242,92.1482,2.317,8.2413,2228.022,1.4099,506.8494,0,0,0,0.5119,39.4769,26.083,53.7642,36.1755,283.7102,0.6468,0.9293,4.5,93.5,13,33.5,66.5,14.5,21.5,78.5,47,0,0,0,1.2287,489.4936,1.7624,248.1985,80.371,13,37,65,13.5294,16.3406,2.5172,27.12,52.6688,17.694,2.1481,3.4815,5,16,5.68,1,0,0,755.048,39.3754,0.4444,9.5444,0.2653,40.3797,33.692,19.1608,13.5574,25.9283,"RBT BFVol, DpthBf_Avg, DpthBf_Max;"
YFI00001-001529,W.F.Y.F.,Status,NA,Depositional,4168,320,Depositional,07/26/2016,2016,Primary Visit,Data Approved,Released to Public,Rotating Panel 1,-,40,Yankee Fork,5318.3869,3294.2607,1.3404,2223.63172,39.7821,0.3862,16.6456,0.2327,17,65.2,0.4381,0.40912,1.17358,0.4119,0.322,0.1429,,0.7753,0,2.9382,93.3786,4.2575,7.971,1191.7671,1.6666,261.1808,1275.7387,1.6666,229.9682,0.7726,17.3331,10.9999,12.043,3.5462,300.0035,0.3289,1.018,0.5,89,23,29,71,18.5,25,75,46.5,189,0,3,1.1719,636.5648,2.3333,221.7546,76.3083,16,48,130,11.7375,19.0499,10.7861,27.0554,47.0015,14.914,4.6667,6.3333,45,111,45.56,1.3402,0,5.7539,730.5488,44.2234,0.4393,10.2929,0.2257,81.9875,0,41.8041,15.6464,18.0125,"RBT BFVol, DpthBf_Avg, DpthBf_Max;"
YFI00001-001582,Fivemile Creek,Status,NA,Source,2188,120,Source,08/26/2014,2014,Primary Visit,Data Approved,Released to Public,Rotating Panel 2,-,68,Yankee Fork,719.0185,365.3443,1,171.18375,20.5302,0.6777,5.1048,0.4298,14,88,0.506,0.26445,0.89331,0.1457,0.3637,0.0606,0.0011,0,0,15.3193,66.9111,24.1625,39.4818,0,0,0,217.2354,5.4782,20.6176,3.4323,63.3909,33.652,25.7562,0,127.7785,0.1269,0.0472,13,79,32.5,13.5,86.5,8.5,39,61,65,13,0,7,1.1228,148.1035,5.4782,15.9871,56.8426,9,38,76,8.4583,22.7386,1.5365,23.8472,52.4205,22.1958,13.7454,19.2828,2,4,2.06,1,0,3.6616,36.6047,34.6196,0.6319,2.8947,0.2421,36.1845,38.7341,5.0176,3.6283,19.3274,"RBT BFVol, DpthBf_Avg, DpthBf_Max;"
YFI00001-001582,Fivemile Creek,Status,NA,Source,4865,120,Source,07/16/2017,2017,Primary Visit,Quality Assurance,In Q/A,Rotating Panel 2,-,44,Yankee Fork,658.3481,463.371,1.1358,,15.5908,0.4128,4.6209,0.2634,12,93,0.5889,,,0.2561,0.3838,0.1009,,0,0,20.0254,57.1545,28.4821,48.5076,83.1297,0.7687,14.7518,282.1328,4.6124,41.1508,3.1856,38.4366,28.4431,8.8757,0.0302,130.0842,0.2137,0.2427,1.5,61.5,46.5,43.5,56.5,21.5,53.5,46.5,114,17,0,8,1.1677,80.9981,3.8437,22.2987,48.7807,16,48,104,9.6859,16.6349,6.034,30.866,52.0212,10.8413,16.78,19.7846,5,8,5.07,1,0,3.6926,78.2013,27.6341,1.1303,3.3513,0.2528,0,57.2841,15.2291,5.7811,39.0543,"RBT BFVol, DpthBf_Avg, DpthBf_Max;"
YFI00001-001633,W.F.Y.F.,Status,NA,Lower WF Yankee Fork,4181,280,Depositional,08/06/2016,2016,Primary Visit,Data Approved,Released to Public,Rotating Panel 1,-,46,Yankee Fork,4083.0715,2406.9431,1,1440.91828,45.7205,0.4024,16.4849,0.2007,7,57.2,0.469,0.3731,1.33472,0.3288,0.3808,0.124,,0,0,0.3533,98.967,0.6797,1.033,1719.9699,1.5667,334.3329,359.6253,0.3917,56.5833,0.6238,11.7502,6.2668,12.1506,9.0843,255.3139,0.3538,0.6359,2,95.5,8,41.5,58.5,25.5,36.5,63.5,57,0,0,0,1.1895,327.1636,0.7833,111.3553,92.087,25,60,123,0.4167,0.8362,5.423,26.6283,58.9936,8.9551,1.3333,2.7778,13,31,13.32,1,0,0,502.2714,46.9694,0.3543,9.305,0.1566,17.9402,60.887,5.7255,2.8644,17.4802,
YFI00001-001711,W.F.Y.F.,Status,NA,Depositional,1416,280,Depositional,09/22/2013,2013,Primary Visit,Quality Assurance,In Q/A,Rotating Panel 1,-,49,Yankee Fork,4949.3632,2305.0455,1,2405.09688,34.4317,0.5307,16.6262,0.4532,8,83.5,0.9003,0.44577,1.69019,0.3601,0.5481,0.175,,0,0,20.5657,74.1243,5.5514,26.1171,0,0,0,1496.9543,1.3654,203.3787,0.7983,28.3329,22.8711,39.9883,0,292.9458,0.6576,0.5187,0.5,96.5,6,61,39,26,43.5,56.5,82,0,0,0,1.2168,808.0841,1.3654,278.785,85.5435,0.0236,31,85,17.1154,17.0927,6.9566,31.0353,25.7111,35.2918,97,97,5,15,5.48,1,0,0,482.1637,47.3614,0.7961,8.1899,0.3986,71.4642,14.9423,5.0491,0.0795,13.5935,"RBT BFVol, DpthBf_Avg, DpthBf_Max;"
YFI00001-001711,W.F.Y.F.,Status,NA,Depositional,3957,280,Depositional,08/07/2016,2016,Primary Visit,Data Approved,Released to Public,Rotating Panel 1,-,37,Yankee Fork,4299.7877,2702.923,1,2171.80203,28.9889,0.5379,14.4503,0.3602,11,67.4,0.6041,0.49335,1.75269,0.4173,0.5096,0.1913,,0,0,5.9214,91.2002,2.8784,8.7998,910.5426,1.0541,201.3914,1023.9864,1.0541,164.0712,0.7728,45.6774,24.9469,31.4291,2.3942,284.6044,0.6813,0.7999,0.5,98.5,3.5,57,43,31,55.5,44.5,83,0,0,0,1.2166,767.8595,1.7568,319.6912,87.8664,24,52,110,1.4302,3.4262,3.541,36.0713,42.4847,17.9029,3,5.6667,2,4,2.03,1,0,0,685.1538,45.2782,0.8355,9.5434,0.385,24.5042,68.4965,0,0,6.9993,"RBT BFVol, DpthBf_Avg, DpthBf_Max;"
YFI00001-001840,Sixmile Creek,Status,NA,Source,3135,120,Source,07/28/2015,2015,Primary Visit,Data Approved,Released to Public,Rotating Panel 3,-,40,Yankee Fork,554.5289,395.3365,1,174.30023,14.4512,0.441,4.5042,0.3031,20,72.7,0.5802,0.32062,0.75806,0.1628,0.4635,0.0786,0.0015,0.1091,0,19.6514,72.0602,10.9434,30.7038,13.8928,0.7931,0.9808,335.4159,9.5167,33.26,7.7382,51.5488,28.5501,10.1399,0.1582,126.0942,0.1319,0.0333,15,62.5,52.5,62.5,37.5,32,42,58,110,0,0,0,1.2506,46.5769,5.5514,6.3766,24.4688,17,77,233,1.8542,2.8856,26.7124,31.0406,31.8655,10.3815,3.499,7.192,0,0,,1.0924,7.1752,1.8124,40.6173,17.2827,0.3884,2.9727,0.204,31.5283,50.1095,0.0938,0,18.3622,"RBT BFVol, DpthBf_Avg, DpthBf_Max;"
YFI00001-002010,Yankee Fork,Status,NA,Transport,4238,200,Transport,08/20/2016,2016,Primary Visit,Data Approved,Released to Public,Rotating Panel 2,-,23,Yankee Fork,2002.2012,1540.4625,1,941.81633,21.1185,0.2292,9.9387,0.1724,13,18,0.7689,0.47149,1.18726,0.3193,0.371,0.12,,4.9288,0,5.3587,90.8574,3.5123,13.7999,789.6954,2.0619,152.4843,407.161,2.5773,65.1741,1.6114,33.5052,19.0722,36.3947,13.8995,193.9996,0.2636,0.4925,9.5,76,43,41,59,27.5,31,69,68.5,0,0,0,1.2576,342.237,2.0619,84.5431,42.3184,36,76,239,7.5909,15.6492,23.7856,29.3913,25.5398,21.2833,2.4167,3.9167,42,101,42.07,1,0,0,302.2513,37.3883,0.3596,7.7479,0.1702,39.9022,57.6213,0.0333,0,0,"RBT BFVol, DpthBf_Avg, DpthBf_Max;"
YFI00001-002044,Fivemile Creek,Status,NA,Source,3136,120,Source,07/29/2015,2015,Primary Visit,Data Approved,Released to Public,Rotating Panel 3,-,60,Yankee Fork,515.7948,372.28,1,171.84967,17.4415,0.4358,4.5079,0.3399,13,100.1,0.4852,0.30315,0.90625,0.1658,0.3281,0.0755,0.0009,0.357,0,9.4292,89.0228,2.8204,12.6067,35.111,1.7348,3.3077,289.5619,5.2045,27.2695,5.7569,53.7794,32.9616,20.9574,2.917,115.2858,0.1466,0.0364,2,92,15.5,17,83,11.5,16,84,29.5,0,0,0,1.1734,47.6576,4.337,6.4929,41.2534,0.0223,28,163,26.9792,27.7299,23.4199,14.7712,21.6236,40.1853,62.5658,62.7563,2,7,2.08,1,0,0,37.0701,19.1102,0.3473,3.2256,0.2217,55.7769,12.9092,9.8965,2.7384,31.3139,"RBT BFVol, DpthBf_Avg, DpthBf_Max;"
YFI00001-002166,Yankee Fork,Upper Preachers Treatment,Pre,Floodplain Enhancement-Treatment,1207,400,Depositional,10/08/2013,2013,Primary Visit,Data Approved,Released to Public,"Step Panel 2013,2014,2015,2016,2019",Yes,40,Yankee Fork,7480.9054,4704.8974,1,4606.27281,29.3584,0.2431,20.2011,0.1786,5,160,0.9033,0.6157,1.42151,0.4176,0.1849,0.1266,,0,0,0.9164,93.8203,5.2632,6.1797,472.7382,0.2712,130.4738,4232.1591,1.0846,1110.0876,1.1901,3.7962,1.0846,0.5984,0,368.7865,,1.6088,0,97.5,16.5,40,60,30,38.5,61.5,51,0,0,0,1.068,0,0,0,83.5574,32,158,346,8.0855,11.0177,32.794,34.0836,21.3137,10,0,2,11,25,11.93,1,0,0,1240.5612,48.5212,0.287,12.684,0.1695,28.2645,62.4418,20.4844,4.1351,9.2937,
YFI00001-002166,Yankee Fork,Upper Preachers Treatment,Pre,Floodplain Enhancement-Treatment,2185,400,Depositional,07/24/2014,2014,Primary Visit,Data Approved,Released to Public,"Step Panel 2013,2014,2015,2016,2019",-,36,Yankee Fork,6631.2182,4924.0119,1,4837.07406,27.9073,0.1878,17.8794,0.153,12,83,1.2342,0.70698,1.48669,0.4333,0.1921,0.1242,0.0003,0,0,0,100,2.9745,2.9745,713.2002,0.81,225.2425,3892.21,1.62,1129.0714,1.1843,4.8601,1.62,2.11,0,370.3643,0.2094,1.3786,0.5,79,6.5,34.5,65.5,17,32.5,67.5,71,21,0,0,1.0678,296.8632,0.81,100.6456,81.0861,35,154,319,3.3693,3.4802,23.4494,33.239,30.2223,11.2042,1.6,3.6,8,23,8.29,1,0,0.4415,1458.3559,44.2975,0.2891,13.2615,0.1693,0,64.9427,23.0322,15.4732,35.0573,"RBT BFVol, DpthBf_Avg, DpthBf_Max;"
YFI00001-002166,Yankee Fork,Upper Preachers Treatment,Post,Floodplain Enhancement-Treatment,3127,400,Depositional,09/17/2015,2015,Primary Visit,Data Approved,Released to Public,"Step Panel 2013,2014,2015,2016,2019",-,40,Yankee Fork,6130.2435,4648.8006,1,3374.80188,29.8488,0.1988,16.5315,0.1541,14,68.1,0.9093,0.55638,1.25037,0.3964,0.1738,0.1221,0.0001,0,0,4.0337,93.1655,2.8009,6.8345,2053.4061,1.3529,574.1829,2419.087,1.3529,633.4564,1.2069,12.9879,10.0115,34.2658,19.6288,369.5754,0.2629,1.0949,0,90,12,25,75,16,41,59,60,0,0,0,1.0625,176.2591,1.0823,51.473,81.7589,6,69,290,14.4839,19.0681,19.8997,32.0823,28.321,18.9668,61.8763,62.1692,9,15,9.33,1,0,0,1259.1133,45.5201,0.3087,12.5327,0.1929,33.694,37.8919,16.085,11.2179,28.4141,"RBT BFVol, DpthBf_Avg, DpthBf_Max;"
YFI00001-002166,Yankee Fork,Upper Preachers Treatment,Post,Floodplain Enhancement-Treatment,3955,400,Depositional,09/06/2016,2016,Primary Visit,Data Approved,Released to Public,"Step Panel 2013,2014,2015,2016,2019",-,28,Yankee Fork,6389.5569,4829.1317,1,3389.25969,29.603,0.2111,17.2512,0.1634,8,84.4,0.9644,0.54383,1.37695,0.4292,0.2049,0.1317,,0.3001,0,4.4296,91.0213,4.1192,9.7297,1347.7724,1.0826,421.905,3481.3594,1.0826,894.5816,1.2047,14.8855,8.9313,30.3957,15.9066,369.4868,,0.955,1.5,92,5.5,25,75,14.5,28.5,71.5,47,0,0,0,1.0597,0,0,0,81.6918,29,106,324,13.25,16.9289,32.7492,21.2193,27.8054,16.057,24.0867,26.0867,12,18,12.4,1,0,0,1316.4866,42.9523,0.3133,13.014,0.1978,3.5093,84.7254,3.8076,1.7267,11.7652,"RBT BFVol, DpthBf_Avg, DpthBf_Max;"
YFI00001-002159,Upper PS 3 ,Upper PS 3 Treatment (Long),Post,Adaptive Management-Treatment,1208,420,,07/22/2013,2013,Primary Visit,Data Approved,Not Released,"Step Panel 2013,2014,2017,2020",Yes,36,Yankee Fork,2708.9383,1910.5792,1,801.06039,20.0865,0.5612,5.2912,0.3201,30,58,0.7091,0.26984,1.23828,0.3788,0.5297,0.1833,,5.538,0,8.7253,83.0502,2.6866,16.9498,425.2085,1.8681,80.9552,556.2357,1.8681,73.5344,1.0583,18.6811,4.6703,9.1287,0.703,428.2406,0.4565,0.1146,0,99.5,0.5,40.5,59.5,44,25,75,22,0,0,0,1.0799,928.9843,3.2692,272.5264,83.5597,7,38,99,4.6714,8.506,9.4924,15.381,23.1209,52.0057,58.6,60.4667,7,23,7.73,1,16.7798,0.8783,427.0186,19.6464,0.5266,3.8348,0.2901,24.2945,21.616,61.3585,15.3675,19.1505,"RBT BFVol, DpthBf_Avg, DpthBf_Max;"
YFI00001-002159,Upper PS 3 ,Upper PS 3 Treatment (Long),Post,Adaptive Management-Treatment,2186,420,,07/03/2014,2014,Primary Visit,Data Approved,Released to Public,"Step Panel 2013,2014,2017,2020",-,37,Yankee Fork,3984.7987,2344.1564,1.0647,1629.35688,19.0832,0.6322,7.2528,0.4222,20,78,0.8079,0.37026,1.46667,0.4407,0.5499,0.223,0.0002,6.9526,0,6.5716,84.2354,2.8534,16.3776,156.5758,0.7065,35.8946,931.4763,1.1774,148.2435,1.0481,12.9518,6.5936,12.8812,0,424.6522,0.5422,0.2948,0,99,1.5,42.5,57.5,39,13,87,17.5,0,0,0,1.0763,1256.1044,2.8258,473.7051,86.4548,13,42,164,4.5132,5.1935,8.5351,18.5881,26.9497,45.9271,26.3469,27.3811,20,53,20.1,1.0287,0,0,657.8432,20.8084,0.7199,4.6299,0.3414,24.729,30.0993,32.8392,6.5583,18.3032,
YFI00001-002159,Upper PS 3 ,Upper PS 3 Treatment (Short),Post,Adaptive Management-Treatment,4863,200,,07/30/2017,2017,Primary Visit,Data Approved,Not Released,"Step Panel 2013,2014,2017,2020",Yes,62,Yankee Fork,8928.7121,7079.6409,1,,27.6868,0.3743,21.306,0.2328,7,112,1.2824,,,0.5493,0.3069,0.1772,,5.22,0,15.006,76.8414,10.7263,30.9524,1375.8295,0.4926,437.9277,335.1805,0.2463,120.5699,0.5658,11.8232,9.6063,15.6363,0.7383,405.9831,0.3415,0.1397,0,100,0.5,40,60,34.5,14.5,85.5,20,1997,0,0,1.1607,3651.1066,0.9853,1587.2031,82.3638,0.1528,20,131,12.4,14.8218,8.3871,12.1034,10.1196,69.3899,50.2222,51.7778,8,20,8.21,1,0,27.1379,2715.9694,49.0655,0.4309,17.0142,0.2303,51.3091,26.4546,12.9594,3.4815,22.2363,"RBT BFVol, DpthBf_Avg, DpthBf_Max;"
YFI00001-001971,Yankee Fork,W.F. Reconnect ,Post,Reconnection-Treatment,4180,320,,07/24/2016,2016,Primary Visit,Data Approved,Released to Public,"Step Panel 2016,2017,2020",-,31,Yankee Fork,5783.0447,4533.0748,1.7547,3992.36438,19.2103,0.2709,11.7422,0.1374,9,80.4,0.6707,0.65134,2.45837,0.6706,0.5482,0.3368,,0,0,11.7941,88.2059,0,11.7941,1101.2872,1.2868,484.9432,979.8698,0.9651,212.4429,0.6311,85.5697,73.0237,67.5826,20.8792,310.8578,0.8071,1.4474,0,96.5,6,19,81,6.5,12.5,87.5,28.5,1583,0,10,1.2255,868.108,0.6434,568.1685,86.565,22,48,131,15.8125,20.5998,11.249,34.8512,32.7219,21.1779,8.7778,10.1111,0,0,,1.7607,0,34.939,2072.8617,28.3009,0.6503,9.4093,0.1925,9.4301,77.7701,14.3823,8.6133,12.7998,"RBT BFVol, DpthBf_Avg, DpthBf_Max;"
YFI00001-001971,Yankee Fork,W.F. Reconnect ,Post,Reconnection-Treatment,4862,320,,07/31/2017,2017,Primary Visit,Quality Assurance,In Q/A,"Step Panel 2016,2017,2020",Yes,36,Yankee Fork,7308.5621,4236.3019,1.7191,,22.7312,0.5563,15.8261,0.3751,12,97,1.0454,,,0.6013,0.4412,0.2502,,0,0,10.8031,89.1969,1.0914,11.8945,1047.4684,1.2907,394.526,1274.9435,1.2907,399.9728,0.817,87.4467,42.2713,58.9742,7.2904,309.903,0.7087,1.8079,0,97.5,5,11.5,88.5,6,11,89,19,1138,0,14,1.2886,775.2876,1.2907,429.2393,83.1129,21,52,200,4.4167,5.8547,18.3395,30.46,40.6805,10.52,7.1667,8.5833,0,0,,1.7616,0,26.8686,1581.6306,27.5839,0.3635,10.0957,0.2395,22.2572,29.1158,5.0229,3.3736,48.627,"RBT BFVol, DpthBf_Avg, DpthBf_Max;"
YFI00001-001709,Yankee Fork,W.F. Reconnect (side channel),Pre,Reconnection-Control,1417,320,Depositional,10/03/2013,2013,Primary Visit,Quality Assurance,In Q/A,Annual,Yes,44,Yankee Fork,5240.0876,3899.5242,1,3680.70717,32.0256,0.3317,17.3255,0.1906,5,73.7,1.7777,0.66028,1.28918,0.4038,0.2414,0.132,,0,0,0,88.1504,11.8496,11.8496,955.4955,0.6581,298.7081,2670.8897,0.6581,581.1333,0.7152,3.2907,0,0.0204,0,303.8889,0.2024,1.844,0.5,94.5,2.5,30.5,69.5,30,42,58,48,0,0,0,1.054,272.9232,0.3291,94.2431,86.2267,25,75,175,7.783,17.3747,24.8066,37.3891,27.8043,10,9.3333,12.6667,0,0,0,1,0,0,974.0845,58.4285,0.5042,12.6584,0.1868,6.6794,39.7361,7.4413,3.853,53.5845,"RBT BFVol, DpthBf_Avg, DpthBf_Max;"
YFI00001-001709,Yankee Fork,W.F. Reconnect (side channel),Pre,Reconnection-Control,2187,320,Depositional,08/21/2014,2014,Primary Visit,Data Approved,Released to Public,Annual,-,52,Yankee Fork,5608.3174,4087.3137,1,3758.08375,27.3867,0.2804,18.3441,0.1886,12,58.9,1.9902,0.66876,1.28894,0.3753,0.2227,0.1178,0.0023,0.405,0,5,93.6251,6.1724,11.5774,1286.589,1.3045,339.4075,2044.8419,1.3045,466.8764,0.7263,0.9784,0.6522,0.1215,0,306.6345,0.1714,1.4578,2.5,95.5,4,13,87,12.5,23.5,76.5,28.5,0,0,0,1.0564,749.3143,1.3045,225.5424,85.6007,11,54,166,11.675,14.4584,7.2943,37.9001,43.5409,11.2646,0.7698,2.0257,0,2,0.5,1,0,0,1031.9012,54.0476,0.4295,13.1896,0.198,18.6952,4.5545,14.0903,5.6059,49.6124,
YFI00001-001709,Yankee Fork,W.F. Reconnect (side channel),Pre,Reconnection-Control,3118,320,Depositional,08/29/2015,2015,Primary Visit,Data Approved,Released to Public,Annual,-,44,Yankee Fork,4781.8116,3775.5201,1.1582,2046.14922,34.2412,0.302,15.0699,0.1671,5,71,1.5104,0.43159,1.09155,0.3493,0.2338,0.1178,0.0001,1.5645,0,0,96.2836,5,6.5645,1506.4471,0.9847,421.6565,2175.4074,0.6565,432.9036,0.7349,0.3282,0.3282,0.0333,0,304.6552,,0.7789,1.5,92,2.5,44.5,55.5,22,40,60,70.5,93,0,3,1.0492,0,0,0,82.6788,0.0567,66,271,12.8857,11.7869,8.4213,21.2831,29.6904,40.6051,38,39.5556,0,0,,1.1723,0,2.4765,865.2913,48.9798,0.3078,11.4533,0.1757,10.0478,89.9522,0.5984,0,0,"RBT BFVol, DpthBf_Avg, DpthBf_Max;"
YFI00001-001709,Yankee Fork,W.F. Reconnect (side channel),Post,Reconnection-Control,3958,320,Depositional,09/20/2016,2016,Primary Visit,Data Approved,Released to Public,Annual,-,30,Yankee Fork,826.894,631.6908,1,224.36131,11.0422,0.3306,2.7762,0.2485,26,46.6,1.9763,0.26936,1.47705,0.2382,0.785,0.1791,,0,0,20.1786,74.3292,9.1281,29.3067,352.3372,2.6789,43.0645,81.5458,2.0092,6.1363,0.7341,26.4542,13.7294,17.2586,8.2011,298.6295,0.4052,,0,98.5,0.5,23,77,9.5,18.5,81.5,33.5,0,0,0,1.1194,197.8068,4.0184,71.0723,60.2254,0.5529,22,61,12.9333,11.5033,5.1332,14.5536,30.1774,49.4562,32.6207,34.9655,2,8,2.39,1,0,0,120.273,16.4828,0.4844,2.1128,0.2833,14.4841,79.0455,1.2579,0,6.0289,"RBT BFVol, DpthBf_Avg, DpthBf_Max;"
YFI00001-001709,Yankee Fork,W.F. Reconnect (side channel),Post,Reconnection-Control,4864,320,Depositional,07/30/2017,2017,Primary Visit,Data Approved,Not Released,Annual,Yes,38,Yankee Fork,4796.9368,3566.6981,1.172,,44.284,0.6045,15.1131,0.5009,13,97,2.1778,,,0.5363,0.3199,0.1806,,0.2777,0,9.3511,85.6388,6.3029,15.9317,1005.9286,1.3826,249.9582,2222.2878,1.3826,283.7504,0.7894,43.5505,31.1075,27.0366,15.472,289.3192,0.2667,0.7862,1,96.5,3.5,29.5,70.5,17.5,23,77,38.5,0,0,0,1.1178,330.7605,1.7282,150.9419,82.0023,16,35,99,9.2,13.1085,4.0459,29.2156,42.3423,24.3962,15.9259,17.9259,2,6,2.33,1.1565,422.8552,11.8814,684.6878,59.399,0.7981,11.198,0.5866,44.1711,52.0373,23.5491,6.3395,3.7915,"RBT BFVol, DpthBf_Avg, DpthBf_Max;"
YFT00001-001013,W.F.Y.F.,W.F. Reconnect Control,NA,Reconnection-Control,1228,320,Depositional,08/24/2013,2013,Primary Visit,Data Approved,Not Released,"Step Panel 2013,2016,2019",Yes,48,Yankee Fork,4660.9124,3733.4815,1,2184.63279,37.9681,0.5046,15.8778,0.3167,9,78,0.5277,0.44651,1.2312,0.3733,0.4103,0.1413,,2.0612,0,4.7534,90.2466,3.1266,9.9412,490.1429,0.6831,111.9523,2502.1657,1.0246,414.2771,0.7202,11.2708,5.1231,14.0186,0,292.7929,0.3247,0.8033,0.5,95.5,9,54,46,23.5,21.5,78.5,56.5,0,0,0,1.064,740.5964,1.3662,241.6153,87.7167,14,56,171,7.4722,9.1783,11.3946,34.5598,25.9352,28.1105,66.8,68.4,17,41,17.84,1,0,0,767.8634,56.3032,0.7005,12.9745,0.3325,27.9092,72.0908,24.4132,0,0,"RBT BFVol, DpthBf_Avg, DpthBf_Max;"
YFT00001-001013,W.F.Y.F.,W.F. Reconnect Control,NA,Reconnection-Control,2703,320,Depositional,10/07/2014,2014,Primary Visit,Data Approved,Released to Public,"Step Panel 2013,2014,2015,2019",-,61,Yankee Fork,4652.2495,3543.3013,1,2083.36719,33.6094,0.4206,15.5314,0.2769,9,69.4,0.4709,0.45182,1.24304,0.3751,0.4276,0.136,0.0007,0,0,0.9161,98.1643,0.9196,1.8357,1388.6592,1.0277,305.5398,1641.031,1.0277,310.8809,0.7127,19.1829,6.851,12.1652,0.9923,291.927,0.3647,0.5888,0.5,97.5,7.5,35.5,64.5,24.5,39.5,60.5,53,0,0,0,1.0466,513.6124,1.0277,186.3068,90.7921,0.0212,17,109,43.275,27.0533,14.3668,18.7559,18.3133,48.564,89.2,89.3333,22,57,22.9,1,0,0,802.7275,55.3178,0.587,11.6919,0.2725,13.1303,67.03,3.2473,0.0488,19.8397,"RBT BFVol, DpthBf_Avg, DpthBf_Max;"
YFT00001-001013,W.F.Y.F.,W.F. Reconnect Control,NA,Reconnection-Control,3976,280,Depositional,06/29/2016,2016,Primary Visit,Data Approved,Released to Public,"Step Panel 2013,2014,2015,2019",-,32,Yankee Fork,5080.8966,4072.0914,1,2854.75938,36.3455,0.3733,17.7153,0.2247,8,59,0.4562,0.52823,1.52856,0.4558,0.3528,0.155,,0.9674,0,1.7707,96.9094,1.3199,4.058,504.7069,0.6911,135.0565,2759.9109,1.0367,635.8416,0.7224,12.4406,6.9114,7.5805,0.6636,289.3754,0.4494,1.7544,1,97,7,63.5,36.5,29.5,30,70,67,0,0,0,1.0513,807.2673,1.0367,334.1334,85.1308,15,52,228,5.1641,5.1921,27.3513,31.8661,24.7965,15.9861,2.5333,4.8,12,38,12.63,1,0,0,1105.0316,51.869,0.4937,14.1103,0.24,39.1911,46.3136,4.5294,0,14.4953,"RBT BFVol, DpthBf_Avg, DpthBf_Max;"
YFT00001-001013,W.F.Y.F.,W.F. Reconnect Control,NA,Reconnection-Control,5012,320,Depositional,08/23/2017,2017,Primary Visit,Data Approved,Not Released,"Step Panel 2013,2014,2016,2017,2018,2021",Yes,48,Yankee Fork,4762.913,4024.4468,1,,40.3145,0.3446,16.1488,0.1886,10,60,0.4149,,,0.4704,0.4004,0.1687,,1.4431,0,0.9149,94.9036,3.9544,6.9668,1790.3111,1.3582,478.5048,1275.8079,0.6791,257.729,0.5525,13.5821,7.1306,9.7771,2.898,294.5056,0.3368,1.1124,2,96,8,42,58,24,44.5,55.5,66.5,0,0,0,1.0722,958.3278,1.3582,375.9793,85.8788,23,56,190,4.4706,7.9591,8.9866,17.7157,62.7976,10.5,1.1429,2.9524,21,58,21.55,1,0,0,1112.2133,60.5543,0.6056,13.7086,0.2561,12.3949,67.7797,3.0241,0.5726,19.8254,"RBT BFVol, DpthBf_Avg, DpthBf_Max;"
YFI00001-000213,Yankee Fork,WF Reconnect Control,NA,Adaptive Management-Control,2210,440,Depositional,10/08/2014,2014,Primary Visit,Data Approved,Released to Public,Annual,-,57,Yankee Fork,8755.2041,6693.0303,1.0872,6867.91375,23.9108,0.2548,19.0197,0.1578,11,80.4,0.9425,0.78956,2.04297,0.5053,0.5085,0.208,0.0001,0,0,0,97.9289,2.0711,2.0711,3443.1124,0.4416,900.4204,1433.0454,1.1039,310.1511,0.4537,3.7532,1.3247,1.425,0.2557,452.9473,0.6077,1.4531,0,98,1.5,21,79,14.5,22.5,77.5,31,0,0,0,1.1952,1816.8725,0.8831,864.6207,85.7886,0.0278,48,142,10.6071,18.2358,13.7992,19.2535,30.2168,36.7305,83.6667,84.4444,0,0,,1.1132,1077.305,16.0959,2075.1922,49.143,0.3855,14.183,0.2008,44.4859,31.7014,6.0059,3.8529,23.8127,
YFI00001-000213,Yankee Fork,WF Reconnect Control,NA,Adaptive Management-Control,3124,400,Depositional,09/27/2015,2015,Primary Visit,Data Approved,Released to Public,Annual,-,51,Yankee Fork,8400.2123,6766.3164,1.0976,7375.9825,25.4582,0.2494,18.0728,0.1646,10,69.3,0.817,0.83647,2.28418,0.5176,0.4736,0.2082,0,0,0,0.7358,96.6573,2.8808,3.6166,4397.1192,0.667,1326.0613,1168.7069,0.8894,262.5502,0.4513,0.8894,0.2223,0.1436,0,449.7453,0.4808,1.5294,0,98,0,22.5,77.5,12,26.5,73.5,39,0,0,0,1.1906,1199.9302,0.667,544.8016,84.8561,0.0567,49,145,12.6364,20.7919,19.4694,20.7952,35.4305,24.305,53.6667,53.6667,0,3,0.8,1.1139,256.2911,3.7881,2133.413,45.9806,0.3565,14.3582,0.1863,15.2355,76.8616,0,0,7.9029,"RBT BFVol, DpthBf_Avg, DpthBf_Max;"
YFI00001-000213,Yankee Fork,WF Reconnect Control,NA,Mainstem Control,3971,440,Depositional,09/22/2016,2016,Primary Visit,Data Approved,Released to Public,Annual,-,34,Yankee Fork,8065.2975,6592.3536,1.1061,4808.41594,29.4705,0.2652,17.3266,0.1696,9,36.6,1.0573,0.59607,1.66003,0.5111,0.5087,0.2169,,0,0,0,95.2786,4.7214,4.7214,3632.6321,0.6672,967.8162,1508.9639,0.6672,298.4135,0.5553,0.6672,0.2224,0.552,0,449.6248,0.6195,1.5335,0,93,1,37,63,23.5,28,72,48.5,0,0,0,1.1897,1450.7574,0.6672,746.3988,80.4813,16,75,262,7.3,9.6673,13.8221,33.8491,31.4892,20.8395,19.1111,20.4444,0,0,,1.1163,994.9379,15.0923,2012.6286,49.3793,0.3894,14.0485,0.2044,16.3472,76.3193,0.0523,0,7.3334,"RBT BFVol, DpthBf_Avg, DpthBf_Max;"
YFI00001-000213,Yankee Fork,WF Reconnect Control,NA,Mainstem Control,4881,440,Depositional,09/25/2017,2017,Primary Visit,Data Approved,Not Released,Annual,Yes,42,Yankee Fork,8609.7896,6725.1816,1.093,,20.7617,0.2231,19.044,0.16,9,55.1,0.9916,,,0.5385,0.2585,0.1592,,,,,,,,4704.2632,0.685,1662.454,924.9371,0.685,281.527,0.4542,,,1.2749,0.1641,437.9256,0.2747,2.5302,0,97.5,1,35,65,28.5,20.5,79.5,29.5,0,0,,1.2014,1117.4833,0.685,560.255,78.4773,27,98,293,11.3333,15.7235,,,,,3,4.4444,0,0,1.49,1.1031,0,0,2504.0175,39.2197,0.2767,14.7215,0.1673,34.6661,57.5992,0.1555,0,7.7347,
